,category,product,Original_price,price,perc_of_unit_sold,rating,shpping_rate,gender
0,Athletic Shoes,Nike SB Check Solar Cnvs Skateboarding Shoes for Men,299.0,211.48,94.0,100.0,FREE Shipping,men
1,Athletic Shoes,"Nike Md Runner 2 Two-Tone Textile-Mesh Suede-Accent Side-Logo Lace-Up Running Athletic Shoes for Men - Wolf Grey, 42.5",349.0,289.99,80.0,88.0,FREE Shipping,men
2,Athletic Shoes,"Nike air Heights Sneaker for Women , Size 38 EU , White",419.0,337.48,77.0,,FREE Shipping,women
3,Athletic Shoes,"Nike Fitness Shoes For Men , 43 EU , Black",319.0,211.48,76.0,80.0,FREE Shipping,men
4,Athletic Shoes,"adidas ASWEERUN Sneaker for Mens, Grey - Size 43.3 EU",259.0,194.99,94.0,,Eligible for FREE Shipping,men
5,Athletic Shoes,"Nike Sport Sneaker Shoes for Men , 44 EU , White",319.0,234.99,30.0,,FREE Shipping,men
6,Athletic Shoes,Adidas Duramo 9 Running Shoes For Men - Core Black,319.0,233.98,68.0,100.0,FREE Shipping,men
7,Athletic Shoes,"Nike Fitness Shoes For Men , 44.5 EU , Gray",389.0,280.98,71.0,,FREE Shipping,men
8,Athletic Shoes,"Nike Air Zoom Pegasus 36 Running Sneakers for Men , Black , Size 43 EU",609.0,470.99,60.0,,FREE Shipping,men
9,Athletic Shoes,"Nike Court Lite 2 Sneaker for Men , Size 42 EU , Black",339.0,236.99,33.0,,FREE Shipping,men
10,Athletic Shoes,"NiKE Tanjun Sneaker for Women, Grey - 38 EU",359.0,225.65,69.0,80.0,FREE Shipping,women
11,Athletic Shoes,"Adidas VS Pace Nubuck Contrast Side Stripe Sport Sneakers for Men - White, 43 1/3",259.0,186.98,86.0,90.0,Eligible for FREE Shipping,men
12,Athletic Shoes,"Nike Fitness Shoes For Men , 42.5 EU , Black",319.0,211.48,87.0,100.0,FREE Shipping,men
13,Athletic Shoes,"Adidas Grand Court Base Faux Leather Contrast Side Stripe Heel Tab Logo Tennis Shoes for Men - Black, 42 2/3",249.0,177.99,75.0,100.0,Eligible for FREE Shipping,men
14,Athletic Shoes,"adidas ASWEERUN Sneaker for Mens, Black - Size 42 EU",259.0,194.99,40.0,,Eligible for FREE Shipping,men
15,Athletic Shoes,"Skechers GO WALK EVOLUTION ULTRA Sneaker for Men , Size 42 EU , Black",279.0,175.98,68.0,90.0,Eligible for FREE Shipping,men
16,Athletic Shoes,"Skechers GO WALK 5 Sneaker for Men , Size 43 EU , Black",349.0,228.48,50.0,100.0,FREE Shipping,men
17,Athletic Shoes,Nike air Monarch IV Training Shoes for Men - Black Size - 43 EU,279.0,234.99,60.0,90.0,FREE Shipping,men
18,Athletic Shoes,"Nike Explore Strada Sneaker for Women , Size 39 EU , White",339.0,245.98,57.0,,FREE Shipping,women
19,Athletic Shoes,Nike Tanjun Sneaker For Men (Black - 43 EU),349.0,284.49,61.0,88.0,FREE Shipping,men
20,Athletic Shoes,"Nike Quest 2 Nylon-Mesh Contrast Side Logo Running Shoes for Men - White, 45",,280.98,71.0,,FREE Shipping,men
21,Athletic Shoes,"Puma Ella Sneaker For Women, Size 39 EU - Color White",249.0,191.49,66.0,,Eligible for FREE Shipping,women
22,Athletic Shoes,Adidas Asweerun Running Shoes For Men - Core Black,255.0,194.99,91.0,100.0,Eligible for FREE Shipping,men
23,Athletic Shoes,"Nike air Zoom Pegasus 36 Sneaker for Men , Size 43 EU , Blue",579.0,421.98,42.0,,FREE Shipping,men
24,Athletic Shoes,"Nike Sport Sneaker Shoes for Men , 44 EU , Black",319.0,202.99,50.0,,FREE Shipping,men
25,Athletic Shoes,"Nike SB ALLEYOOP Sneaker for Mens, Black, 42 EU",349.0,274.48,42.0,,FREE Shipping,men
26,Athletic Shoes,"adidas Grand Court Base Sneakers for Men, Size 42 2/3 EU, White - EE7904",569.0,194.99,84.0,100.0,Eligible for FREE Shipping,men
27,Athletic Shoes,Nike Court Royale Sport Sneakers for Women - White/Metallic Silver Size - 38 EU,319.0,234.99,92.0,100.0,FREE Shipping,women
28,Athletic Shoes,"Nike Flex Experience RN 8 Sneaker for Men , Size 42.5 EU , Grey",359.0,250.49,72.0,100.0,FREE Shipping,men
29,Athletic Shoes,Nike Tanjun Sneaker For Women (White & Black - 38 EU),352.0,251.49,53.0,100.0,FREE Shipping,women
30,Athletic Shoes,Nike Shoes for Men Size 43 EU - Blue,319.0,258.98,61.0,100.0,FREE Shipping,men
31,Athletic Shoes,"Nike Fitness Shoes For Men , 42.5 EU , Gray",579.0,342.49,,,FREE Shipping,men
32,Athletic Shoes,"Nike Quest 2 Sneaker for Men , Size 42.5 EU , Black",389.0,249.0,85.0,,FREE Shipping,men
33,Athletic Shoes,"Nike Downshifter 9 Sneaker for Men , Size 41 EU , Red",319.0,258.98,58.0,,FREE Shipping,men
34,Athletic Shoes,Asics Jolt 2 Sneaker for Men Black 43.5 EU,209.0,139.0,53.0,90.0,Eligible for FREE Shipping,men
35,Athletic Shoes,Nike Tanjun Running Shoe For Men (Black - 42 EU),349.0,259.98,92.0,86.0,FREE Shipping,men
36,Athletic Shoes,Nike Flex Essential Training Shoes for Women (Black - 38 EU),309.0,258.98,76.0,100.0,FREE Shipping,women
37,Athletic Shoes,"Adidas Duramo 9 Nylon Mesh Rubber-Accent Side-Stripe Lace-Up Running Athletic Shoes for Men - Core Black, 42 2/3",289.0,233.98,75.0,88.0,FREE Shipping,men
38,Athletic Shoes,Nike Md Runner 2 Running Shoes for Men - Black/White (43 EU),399.0,289.99,60.0,100.0,FREE Shipping,men
39,Athletic Shoes,"adidas STRUTTER Sneaker for Men , Size 42.7 EU , White",289.0,214.99,90.0,100.0,FREE Shipping,men
40,Athletic Shoes,"Adidas Courtsmash Perforated Genuine Leather Mesh-Accent Lace-up Side-Stripe Tennis Athletic Shoes for Men - Core Black, 44",259.0,194.99,78.0,90.0,Eligible for FREE Shipping,men
41,Athletic Shoes,"Nike FLEX RUNNER Shoe for Kids , Black - 33 EU",199.0,156.48,63.0,,Eligible for FREE Shipping,
42,Athletic Shoes,"Adidas Grand Court Base Faux Leather Contrast Side Stripe Heel Tab Logo Tennis Shoes for Women - White, 40",259.0,192.99,76.0,100.0,Eligible for FREE Shipping,women
43,Athletic Shoes,"Nike Revolution 5 Sneaker for Men , Size 43 EU , White",259.0,211.48,50.0,100.0,FREE Shipping,men
44,Athletic Shoes,"Asics GEL-NIMBUS 22 Running Shoes for Women, Rose Gold, 38 EU",839.0,629.99,33.0,,FREE Shipping,women
45,Athletic Shoes,"Asics GEL-Kayano 26 Running Shoes for Women, Multi Color, 38 EU",839.0,629.99,50.0,,FREE Shipping,women
46,Athletic Shoes,"asics GEL-NIMBUS 22 Running Shoes for Women, Pink, 38 EU",839.0,629.99,33.0,,FREE Shipping,women
47,Athletic Shoes,"Adidas Sooraj Color Block Rubber Sole Lace-Up Running Shoes for Women - Core Black & Grey Five, 38",,214.99,77.0,100.0,FREE Shipping,women
48,Athletic Shoes,"Nike Precision III Sneaker for Men , Size 41 EU , Black",389.0,313.98,77.0,,FREE Shipping,men
49,Athletic Shoes,"Nike Viale Sneaker for Men , Size 45 EU , Black",389.0,269.0,62.0,,FREE Shipping,men
50,Athletic Shoes,"adidas ASWEERUN Sneaker for Womens, PINK - Size 39.3 EU",259.0,194.99,60.0,,Eligible for FREE Shipping,women
51,Athletic Shoes,Nike SB Check Solar Cnvs Skate Boarding Shoes For Men,279.0,211.48,70.0,100.0,FREE Shipping,men
52,Athletic Shoes,Nike SB Check Solar Sneaker For Men (Grey - 43 EU),346.0,258.98,71.0,88.0,FREE Shipping,men
53,Athletic Shoes,"Nike Air Zoom Vomero 14 Running Sneakers for Men , Black , Size 44 EU",709.0,549.49,33.0,,FREE Shipping,men
54,Athletic Shoes,"Skechers Flex Advantage Sr- Mcallen Sneaker For Men Size 46 EU, Black",309.0,308.99,80.0,,FREE Shipping,men
55,Athletic Shoes,"Skechers FLEX ADVANTAGE 3.0 Sneaker for Men , Size 42 EU , Brown",269.0,192.49,66.0,,Eligible for FREE Shipping,men
56,Athletic Shoes,Nike Sb Check Solar Cnvs Sneaker For Men (Black - 43 EU),299.0,211.48,91.0,100.0,FREE Shipping,men
57,Athletic Shoes,"Under Armour Jet Sneakers for Men , Size 41/42 EU",369.0,285.48,55.0,,FREE Shipping,men
58,Athletic Shoes,"adidas Pro Next 2019 GCA Sneaker for Men , Size 42.7 EU , Black",389.0,292.98,40.0,,FREE Shipping,men
59,Athletic Shoes,Nike Shoes for Women -  Multi Color -  Size 39 EU,399.0,270.98,60.0,,FREE Shipping,women
60,Athletic Shoes,"adidas VS PACE Sneaker for Mens, WHITE - Size 41.3 EU",249.0,186.98,60.0,,Eligible for FREE Shipping,men
61,Athletic Shoes,"Nike Pico 5 GS Sneaker for Kids , Size 40 EU , Dark Blue",209.0,140.49,45.0,100.0,Eligible for FREE Shipping,
62,Athletic Shoes,"Skechers GO WALK 5 Sneaker for Men , Size 43.5 EU , Grey",289.0,192.99,60.0,80.0,Eligible for FREE Shipping,men
63,Athletic Shoes,"Nike Flex Method TR Sneaker for Men , Size 43 EU , Black",389.0,270.98,81.0,100.0,FREE Shipping,men
64,Athletic Shoes,"Nike Flexmethod Tr Nylon-Mesh Back Rubber Detail Training Shoes with Pull-Tab for Men - Wolf Grey, 43",,280.98,46.0,,FREE Shipping,men
65,Athletic Shoes,"Nike SB Charge Canvas Sneaker for Men , Size 40 EU , Black",259.0,189.48,50.0,100.0,Eligible for FREE Shipping,men
66,Athletic Shoes,"Adidas Lite Racer RBN Nylon Mesh Side Stripe Running Shoes with Pull Tab for Men - Core Black, 43 1/3",,253.98,84.0,100.0,FREE Shipping,men
67,Athletic Shoes,Asics Gel-Nimbus 21 Sp Sneaker for Women Multi Color 38 EU,629.0,409.0,,,FREE Shipping,women
68,Athletic Shoes,"Asics Gel-Quantum Infinity Sneakers for Men, Black, 43.5 EU",749.0,419.0,,,FREE Shipping,men
69,Athletic Shoes,Ellesse Pamplona Shoe For Women (Black - 38 EU),289.0,152.48,80.0,,Eligible for FREE Shipping,women
70,Athletic Shoes,Ellesse Smash Shoe For Men (White - 43 EU),289.0,152.48,46.0,100.0,Eligible for FREE Shipping,men
71,Athletic Shoes,Ellesse Pamplona Shoe For Women (Black - 39 EU),289.0,152.48,58.0,80.0,Eligible for FREE Shipping,women
72,Athletic Shoes,Ellesse Classic Shoe For Women (Black - 39 EU),279.0,144.98,90.0,,Eligible for FREE Shipping,women
73,Athletic Shoes,"Asics Gel Kayano 25 SP Sneaker for Women, Black/Pink, 37 EU",749.0,359.49,,,FREE Shipping,women
74,Athletic Shoes,"Asics GEL-Nimbus 20 Sneaker for Men, Grey, 36 EU",749.0,359.98,,,FREE Shipping,men
75,Athletic Shoes,"Asics GEL-Nimbus 20 Sneaker for Women, Multi Color, 37 EU",749.0,359.98,,,FREE Shipping,women
76,Athletic Shoes,"Asics GEL-Lyte V Sanze Sneakers for Unisex, Sand, 44 EU",449.0,213.99,66.0,,FREE Shipping,Unisex
77,Athletic Shoes,"Asics Gel-Kayano 5.1 Sneakers for Men, Black, 44 EU",379.0,209.0,60.0,,FREE Shipping,men
78,Athletic Shoes,"Asics Gel-Pulse 10 Sneakers for Men, Silver, 42.5 EU",389.0,209.0,60.0,100.0,FREE Shipping,men
79,Athletic Shoes,"Asics Gel-Saga SOU Sneakers for Men, White, 42.5 EU",339.0,189.0,20.0,,Eligible for FREE Shipping,men
80,Athletic Shoes,"Asics Gel-Kayano 5.1 Sneakers for Men, White, 42 EU",379.0,209.0,,,FREE Shipping,men
81,Athletic Shoes,"Asics Gel-Quantum 90 Sneakers for Men, Multicolour, 42.5 EU",379.0,199.0,,,Eligible for FREE Shipping,men
82,Athletic Shoes,"Asics Gel-Kayano 5 OG Sneakers for Men, White, 42.5 EU",489.0,269.0,75.0,,FREE Shipping,men
83,Athletic Shoes,"Asics Gel-Saga Sneakers for Women, White, 38 EU",379.0,209.0,,,FREE Shipping,women
84,Athletic Shoes,"Asics Gel-Kayano 5 OG Sneakers for Men, White, 44 EU",489.0,269.0,50.0,100.0,FREE Shipping,men
85,Athletic Shoes,"Asics Gel-Lyte Runner Sneakers for Men, Multicolour, 42 EU",309.0,169.0,25.0,,Eligible for FREE Shipping,men
86,Athletic Shoes,"Asics Gel-Saga SOU Sneakers for Women, White, 39 EU",339.0,189.0,85.0,100.0,Eligible for FREE Shipping,women
87,Athletic Shoes,"Asics Curreo II Sneakers for Men, Grey, 44 EU",249.0,139.0,50.0,,Eligible for FREE Shipping,men
88,Athletic Shoes,"Asics New York Sneakers for Women, Grey, 39 EU",299.0,159.0,20.0,,Eligible for FREE Shipping,women
89,Athletic Shoes,"Nike Acalme Nylon-Mesh Contrast Side Logo Suede Heel-Tab Training Shoes for Men - Black & White, 44.5",,280.98,,,FREE Shipping,men
90,Athletic Shoes,Nike air Max Motion 2 Running Shoes for Men - atmosphere Grey/White (44 EU),589.0,386.99,,,FREE Shipping,men
91,Athletic Shoes,"Nike Court Vision Low Faux Leather Contrast Side Logo Perforated Upper Training Shoes for Men - Gym Red, 44.5",,259.98,,,FREE Shipping,men
92,Athletic Shoes,"Skechers BOUNDER Sneaker for Men , Size 42.5 EU , Black",,271.98,,,FREE Shipping,men
93,Athletic Shoes,"Skechers GO WALK 5 Sneaker for Men , Size 42.5 EU , Black",289.0,192.99,23.0,,Eligible for FREE Shipping,men
94,Athletic Shoes,Vans Old Skool Check Lace Sneakers for Women (Black - 39 EU),309.0,172.99,62.0,,Eligible for FREE Shipping,women
0,Casual & Dress Shoes,Lacoste Casual Shoe For Men Size 45 EU - White,519.0,295.98,14.0,,FREE Shipping,men
1,Casual & Dress Shoes,"Lacoste Fairlead Fashion Sneakers Shoes For Men, Size 46 EU, Black and Grey",469.0,268.49,50.0,,FREE Shipping,men
2,Casual & Dress Shoes,"Lacoste Europa Lace Up Shoes For Men Size 42 EU, Black",459.0,262.49,66.0,,FREE Shipping,men
3,Casual & Dress Shoes,"Lacoste Jouer Fashion Sneakers Shoes for Men, Size 42 EU, Navy and White",459.0,262.49,60.0,100.0,FREE Shipping,men
4,Casual & Dress Shoes,Lacoste Casual Shoe for Men Size 42 EU - Black,539.0,309.98,87.0,100.0,FREE Shipping,men
5,Casual & Dress Shoes,"Jack & Jones Lace Up Shoes for Men, Size 44 EU, Black",139.0,100.49,63.0,,Eligible for FREE Shipping,men
6,Casual & Dress Shoes,"Geox U KAVEN Fashion Sneakers For Men , size 43 EU , Black",479.0,215.48,67.0,100.0,FREE Shipping,men
7,Casual & Dress Shoes,Jack and Jones Shoes for Men  - Navy - 44 EU,189.0,90.49,94.0,96.0,Eligible for FREE Shipping,men
8,Casual & Dress Shoes,Hugo Boss Casual Shoe for Men Size 43 EU - Navy,759.0,553.98,37.0,,FREE Shipping,men
9,Casual & Dress Shoes,Jack and Jones Shoes for Men  - Black - 43 EU,209.0,100.49,39.0,74.0,Eligible for FREE Shipping,men
10,Casual & Dress Shoes,Hugo Boss Casual Shoe for Men Size 42 EU - Dark Navy,749.0,545.99,71.0,,FREE Shipping,men
11,Casual & Dress Shoes,"Polo Ralph Lauren Hanford Sneakers for Men, Black - 43 EU",269.0,174.98,66.0,,Eligible for FREE Shipping,men
12,Casual & Dress Shoes,Lacoste Casual Shoe For Women Size 39 EU - White,399.0,225.98,71.0,,FREE Shipping,women
13,Casual & Dress Shoes,"Polo Ralph Lauren Fashion Sneakers For Men Size 44 EU , Black",329.0,222.48,80.0,100.0,FREE Shipping,men
14,Casual & Dress Shoes,Lacoste Casual Shoe for Women Size 39 EU - Black,499.0,349.99,40.0,,FREE Shipping,women
15,Casual & Dress Shoes,"Lacoste La Piquee Fashion Sneakers Shoes for Men, Size 43 EU, Off White",589.0,335.49,,,FREE Shipping,men
16,Casual & Dress Shoes,Lacoste Casual Shoe for Men Size 43 EU - Black,519.0,295.98,15.0,,FREE Shipping,men
17,Casual & Dress Shoes,"Lacoste Carnaby Lace Up Shoes For Men Size 42 EU, White",519.0,295.98,66.0,,FREE Shipping,men
18,Casual & Dress Shoes,Lacoste Casual Shoe For Men Size 43 EU - White,539.0,298.48,45.0,,FREE Shipping,men
19,Casual & Dress Shoes,"Puma Fashion Sneakers Casual Shoe  For Men , Navy , 43 EU",255.0,187.49,87.0,80.0,Eligible for FREE Shipping,men
20,Casual & Dress Shoes,Lacoste Casual Shoe for Men Size 43 EU - Navy,539.0,309.98,36.0,,FREE Shipping,men
21,Casual & Dress Shoes,"Lacoste Fairlead Fashion Sneakers Shoes for Men, Size 43 EU, White and Beige",469.0,268.49,16.0,,FREE Shipping,men
22,Casual & Dress Shoes,"Puma Fashion Sneakers Casual Shoe  For Women , White & Black , 41 EU",389.0,269.99,,,FREE Shipping,women
23,Casual & Dress Shoes,"Lacoste Graduate Lace Up Shoes For Men Size 46 EU, White",449.0,258.49,,,FREE Shipping,men
24,Casual & Dress Shoes,"Lacoste avance Lace Up Shoes For Men Size 44 EU, Black",519.0,280.49,,,FREE Shipping,men
25,Casual & Dress Shoes,Lacoste Casual Shoe for Men Size 45 EU - Black,469.0,333.98,50.0,,FREE Shipping,men
26,Casual & Dress Shoes,Lacoste Casual Shoe For Men Size 45 EU - White,449.0,258.49,,,FREE Shipping,men
27,Casual & Dress Shoes,Lacoste Casual Shoe for Men Size 44 EU - White,359.0,254.49,83.0,100.0,FREE Shipping,men
28,Casual & Dress Shoes,"Lacoste Europa Lace Up Shoes For Men Size 46 EU, White",459.0,262.49,,,FREE Shipping,men
29,Casual & Dress Shoes,Lacoste Casual Shoe for Women Size 39 EU - Pink,339.0,238.98,,,FREE Shipping,women
30,Casual & Dress Shoes,"Lacoste Graduate Lace Up Shoes For Women Size 40 EU, Black",449.0,258.49,40.0,,FREE Shipping,women
31,Casual & Dress Shoes,"Nike Air Force 1 '07 Sneaker For Men , Grey",529.0,341.99,33.0,,FREE Shipping,men
32,Casual & Dress Shoes,Puma Fashion Sneaker for Women (Black - 33 EU),289.0,138.48,,,Eligible for FREE Shipping,women
33,Casual & Dress Shoes,"Puma Fashion Sneakers Casual Shoe  For Men , Multi Color , 40 EU",509.0,355.98,,,FREE Shipping,men
34,Casual & Dress Shoes,"Puma Fashion Sneakers Casual Shoe  For Men , Navy , 41 EU",320.0,203.49,,,FREE Shipping,men
35,Casual & Dress Shoes,Lacoste Casual Shoe for Men Size 45 EU - Navy,449.0,318.49,33.0,,FREE Shipping,men
36,Casual & Dress Shoes,Lacoste Casual Shoe for Men Size 46 EU - White,539.0,381.99,33.0,,FREE Shipping,men
37,Casual & Dress Shoes,Lacoste Casual Shoe for Men Size 46 EU - Navy,539.0,381.99,33.0,,FREE Shipping,men
38,Casual & Dress Shoes,Lacoste Casual Shoe for Men Size 44 EU - Black,639.0,325.98,50.0,,FREE Shipping,men
39,Casual & Dress Shoes,Lacoste Casual Shoe for Men Size 44 EU - White,469.0,333.98,50.0,,FREE Shipping,men
40,Casual & Dress Shoes,Lacoste Casual Shoe for Men Size 44 EU - Navy,409.0,286.48,,,FREE Shipping,men
41,Casual & Dress Shoes,Lacoste Casual Shoe for Men Size 44 EU - White,499.0,349.99,,,FREE Shipping,men
42,Casual & Dress Shoes,Lacoste Casual Shoe for Men Size 43 EU - White,529.0,271.49,25.0,,FREE Shipping,men
43,Casual & Dress Shoes,Lacoste Casual Shoe for Men Size 44 EU - Navy,379.0,260.99,33.0,,FREE Shipping,men
44,Casual & Dress Shoes,Lacoste Casual Shoe for Men Size 42 EU - White,379.0,270.48,50.0,,FREE Shipping,men
45,Casual & Dress Shoes,Lacoste Casual Shoe for Men Size 42 EU - Black,379.0,270.48,50.0,,FREE Shipping,men
46,Casual & Dress Shoes,"Geox U FEDERICO Fashion Sneakers For Men , size 44 EU , Black",579.0,250.98,88.0,100.0,FREE Shipping,men
0,Eyewear,"Carrera Sunglasses for Unisex , Black Aviator",650.0,346.98,52.0,,FREE Shipping,Unisex
1,Eyewear,"Carrera Sunglasses For Unisex - Green Lens, 149/S-6Lb, Aviator Frame",750.0,351.98,25.0,80.0,FREE Shipping,Unisex
2,Eyewear,"Ray-Ban Sunglasses For Men, Grey, 3386, Aviator Frame",770.0,427.98,89.0,92.0,FREE Shipping,men
3,Eyewear,"Ray-Ban Aviator Classic Sunglasses for Men , RB3025 L0205 58-14",1050.0,308.0,81.0,96.0,FREE Shipping,men
4,Eyewear,"Ray-Ban RB1971 914751 Square Sunglasses for Unisex , Lens 54 mm",997.0,444.99,57.0,96.0,FREE Shipping,Unisex
5,Eyewear,"Ray-Ban Rectangular Unisex Sunglasses - Rb4165 601/71 54-16, Green Lens, Rectangle Frame",725.0,372.49,94.0,88.0,FREE Shipping,Unisex
6,Eyewear,"Polaroid Sunglasses For Men, Brown- Pld 6033/S, Square Frame",250.0,157.49,75.0,,Eligible for FREE Shipping,men
7,Eyewear,"Polaroid Sunglasses for Unisex , Blue",250.0,180.48,46.0,,Eligible for FREE Shipping,Unisex
8,Eyewear,"Polaroid Sunglasses For Women, Grey, Oval Frame",250.0,145.98,13.0,,Eligible for FREE Shipping,women
9,Eyewear,"Ray-Ban 3025 Aviator Large Metal Non-Mirrored Non-Polarized Sunglasses, Silver/Light Grey Gradient (003/32), 58mm",1130.0,321.0,75.0,92.0,FREE Shipping,
10,Eyewear,"Bvlgari Sunglasses for Men , Lens Color Grey , 8053672139723",1329.0,637.49,,,FREE Shipping,men
11,Eyewear,"Diesel Wayfarer Unisex's Sunglasses - Dl0161 - 54-16-145 mm, Purple Lens",755.0,238.49,57.0,66.0,FREE Shipping,Unisex
12,Eyewear,"Ray-Ban Sunglasses for Unisex , 0RB4246 1197Z251",1110.0,409.49,,,FREE Shipping,Unisex
13,Eyewear,Ray Ban Classic Aviator Gold Unisex Sunglasses - Rb3025 -58-14-135,850.0,419.0,54.0,78.0,FREE Shipping,Unisex
14,Eyewear,"Ray Ban 3025, W3234 (55 mm) Sunglass, Green Lens, Aviator Frame, For Men",750.0,385.46,29.0,78.0,FREE Shipping,men
15,Eyewear,Ray-Ban Aviator Unisex Sunglasses - RB3025-004-58-58,900.0,517.15,2.0,80.0,FREE Shipping,Unisex
16,Eyewear,"Ray Ban 4165, 710/13 (51 mm) Sunglass, Brown Lens, Rectangular Frame",690.0,311.99,80.0,,FREE Shipping,
17,Eyewear,"Polaroid Sunglasses , for Women , Mixed , Aviator Lens Shape - Pld 2043/S-80761M9",201.0,129.49,22.0,60.0,Eligible for FREE Shipping,women
18,Eyewear,"Polaroid Sunglasses For Unisex, Green- Pld 1017/S 2276393Yg60H8, Oval Frame",250.0,131.48,19.0,90.0,Eligible for FREE Shipping,Unisex
19,Eyewear,"Carrera Aviator Men's Sunglasses - Carrera 113/S -003-57-17-145-QT, 145 mm Green",750.0,268.49,31.0,92.0,FREE Shipping,men
20,Eyewear,"Polaroid Sunglass for Men , Grey Lens , PLD 2059/S 003 60",280.0,150.49,42.0,100.0,Eligible for FREE Shipping,men
21,Eyewear,Polaroid P4139 Aviator Sunglasses,350.0,131.48,10.0,80.0,Eligible for FREE Shipping,
22,Eyewear,"Ray Ban Aviator Sunglasses For Unisex - Brown Gradient Lens, Rb4147/710/51, 60-15-145, 145 mm",945.0,384.49,70.0,88.0,FREE Shipping,Unisex
23,Eyewear,"Ray-Ban Aviator Sunglasses For Men - Rb3449-003/8G 59, Grey Lens",770.0,464.49,99.0,86.0,FREE Shipping,men
24,Eyewear,Ray-Ban Sunglasses for Unisex -0RB3552i,614.0,276.49,85.0,68.0,FREE Shipping,Unisex
25,Eyewear,Carrera Carrera 126/S QGGHD (Black - Gun with Grey Gradient lenses),750.0,373.49,35.0,90.0,FREE Shipping,
26,Eyewear,"Ray-Ban Aviator Unisex Sunglasses - Rb3449-001/1359, Brown Lens",1014.0,427.98,89.0,86.0,FREE Shipping,Unisex
27,Eyewear,"Esprit Women's Sunglasses - Brown Frame,Brown Gradient Lens- ET19461/535, size 56-16-142",336.0,143.99,92.0,92.0,Eligible for FREE Shipping,women
28,Eyewear,CARRERA Men's Sunglasses Rectangular 130/S - Gold,750.0,264.99,50.0,86.0,FREE Shipping,men
29,Eyewear,Ray-Ban Wrap Sunglasses for Men - RB3183-63-15-125,690.0,469.98,73.0,82.0,FREE Shipping,men
30,Eyewear,"Ray Ban Rectangle Sunglasses For Men - Gray Lens, Rb4179-601S82, 140 mm",1680.0,884.49,62.0,92.0,FREE Shipping,men
31,Eyewear,"Carrera Aviator Sunglasses for Unisex , 8010/S-R80-59-12-140-WJ",525.0,228.98,89.0,82.0,FREE Shipping,Unisex
32,Eyewear,"Ray Ban Sunglasses for Men - Size 55, Black Frame, 0RB4165 622 2V55",820.0,584.99,43.0,86.0,FREE Shipping,men
33,Eyewear,CARRERA Men's Sunglasses Round Carrera 126/S Shnblckgd,750.0,350.98,65.0,80.0,FREE Shipping,men
34,Eyewear,"Ray-Ban Sunglasses for Men, Black, 3548N",1286.0,576.99,78.0,98.0,FREE Shipping,men
35,Eyewear,"Polaroid Sunglasses for Men, Black- PLD 7005/S 223783YYV63RC",250.0,134.99,94.0,94.0,Eligible for FREE Shipping,men
36,Eyewear,Ray-Ban Rb3025-002/58 Aviator Unisex Sunglasses,985.0,299.0,,84.0,,Unisex
37,Eyewear,"Ray-Ban Junior Unisex's 0RB3647N 90683F 51 Sunglasses, Transparent/Clear Gradient Blue",820.0,470.99,40.0,92.0,FREE Shipping,Unisex
38,Eyewear,"Ray-Ban Sunglasses For Unisex, Grey, 3647N, Round Frame",850.0,444.99,33.0,100.0,FREE Shipping,Unisex
39,Eyewear,"Ray Ban Aviator Sunglasses for Unisex - Green Lens, RB3025 55 W3234",1039.5,444.49,60.0,96.0,FREE Shipping,Unisex
40,Eyewear,"Ray-Ban Unisex Aviator Sunglasses [Rb3025 112/85], 55-14-135, Brown Lens",1014.0,460.7,71.0,90.0,FREE Shipping,Unisex
41,Eyewear,"Ray-Ban Aviator Unisex Sunglasses - Rb3025-001-58 58, Green Lens",970.0,200.0,20.0,80.0,,Unisex
42,Eyewear,"Ray-Ban Aviator Unisex Sunglasses - Rb3025 001-57, Brown Lens",1040.0,463.0,65.0,80.0,FREE Shipping,Unisex
43,Eyewear,"Ray-Ban RB1971 91493F Square Sunglasses for Unisex , Lens 54 mm",997.0,444.99,21.0,,FREE Shipping,Unisex
44,Eyewear,Ray Ban Clubmaster Unisex Sunglasses - RB3016W036-W0365 - 51-50 -25-145 mm,870.0,535.98,50.0,88.0,FREE Shipping,Unisex
45,Eyewear,"Carrera Sunglasses for Unisex Aviator- Grey Lens,  132/S 2M2",765.0,325.49,47.0,86.0,FREE Shipping,Unisex
46,Eyewear,"Carrera Sunglasses for Men , Grey Lenses",700.0,322.98,53.0,,FREE Shipping,men
47,Eyewear,"Polaroid Sunglasses For Men, Multi Color, Pld 2043-S00361Lm, Aviator Frame",250.0,121.49,32.0,88.0,Eligible for FREE Shipping,men
48,Eyewear,"Ray-Ban Sunglasses For Men - Grey, 3553I, 59, 6, 8G",525.0,282.99,98.0,86.0,FREE Shipping,men
49,Eyewear,Lacoste Rectangular Sport Inspired Matte Khaki Sunglasses For Men 54-19-145mm,547.0,281.48,56.0,100.0,FREE Shipping,men
50,Eyewear,Ray-Ban Aviator Unisex's Sunglasses - RB3647N-001/9U-51 - 51-22-145 mm,900.0,503.49,37.0,94.0,FREE Shipping,Unisex
51,Eyewear,"Emporio Armani Rectangle Sunglasses for Men , Grey Lenses , 8053672481389",890.0,516.48,50.0,100.0,FREE Shipping,men
52,Eyewear,"Tom Ford Men's Sunglasses Aviator Marley, Black/Blue",1256.0,557.49,56.0,90.0,FREE Shipping,men
53,Eyewear,"Ray-Ban Sunglasses for Unisex, Brown, 3647N",900.0,473.98,23.0,96.0,FREE Shipping,Unisex
54,Eyewear,"Ray-Ban Aviator Unisex Sunglasses - Rb3025-001/58-62 - 62-14-140 mm , Polarized Lens",980.0,180.0,60.0,88.0,,Unisex
55,Eyewear,"Ray Ban 3025,58,167,2K Sunglasses For Unisex-Gold",850.0,473.98,30.0,80.0,FREE Shipping,Unisex
56,Eyewear,"Ray-Ban 0rb3647n Non-Polarized Iridium Round Sunglasses, Gold, 51 mm",1270.0,603.98,18.0,100.0,FREE Shipping,
57,Eyewear,Polaroid P4139 Sunglasses,350.0,98.0,,90.0,,
58,Eyewear,"U.S. Polo Assn. Sunglasses For Men - Brown, 711 BRN",240.0,127.48,84.0,90.0,Eligible for FREE Shipping,men
59,Eyewear,"Ray-Ban Sunglasses For Unisex, Size 55, Brown, 3025, 55, 004, 51, 55-14-135, Aviator Frame",709.0,441.99,12.0,92.0,FREE Shipping,Unisex
60,Eyewear,"Polaroid Sunglasses for Women, Black- PLD 4049/S 807",450.0,145.98,65.0,100.0,Eligible for FREE Shipping,women
61,Eyewear,"Ray-Ban Square Sunglasses for Men , Green , RB2140F 901 54",910.0,444.49,33.0,,FREE Shipping,men
62,Eyewear,Polaroid Wayfarer Men's Sunglasses - PLD 2056/S 00358M9,250.0,129.99,47.0,78.0,Eligible for FREE Shipping,men
63,Eyewear,Lacoste Men's Sunglasses Rectangular Petit Pique Black,793.0,442.48,50.0,20.0,FREE Shipping,men
64,Eyewear,"Emporio armani Wayfarer Sunglassese for Women , Grey Lens , B00G8VTQ64",1119.0,539.98,33.0,,FREE Shipping,women
65,Eyewear,"Calvin Klein Round Sunglasses for Men - Blue lens, CK18104S-045",890.0,426.49,83.0,100.0,FREE Shipping,men
66,Eyewear,"Emporio Armani Sunglasses For Men - Multi Color, 4115-56691W-54, Square Frame",730.0,367.49,66.0,90.0,FREE Shipping,men
67,Eyewear,Ray-Ban Pilot Sunglasses for Men - 3386-63-004-13,1129.8,493.98,56.0,98.0,FREE Shipping,men
68,Eyewear,"Calvin Klein Cat Eye Sunglasses for Women - Black Lens, CK3206S-001",950.0,455.98,,,FREE Shipping,women
69,Eyewear,"Emporio Armani Square Sunglasses For Men - Blue, EA4117 570380 57",780.0,359.49,,60.0,FREE Shipping,men
70,Eyewear,"Ray-Ban Sunglasses Unisex , Lense Size 54 mm , Brown",997.0,503.49,2.0,,FREE Shipping,Unisex
71,Eyewear,"Polaroid Sunglasses For Men Pld 1016/Sdl550Lb, Dark Green Lens, Square Frame",200.0,134.99,51.0,60.0,Eligible for FREE Shipping,men
72,Eyewear,"Ray-Ban Classic Aviator Unisex Sunglasses - Rb3025-112-58-19-135, Green Lens",1134.0,440.29,13.0,88.0,FREE Shipping,Unisex
73,Eyewear,"Polaroid Sunglasses for Men , Grey Lenses",450.0,168.99,22.0,,Eligible for FREE Shipping,men
74,Eyewear,"Carrera Sunglasses For Unisex, Gold Lens, Carrera1005/S, Aviator Frame",560.0,350.98,17.0,100.0,FREE Shipping,Unisex
75,Eyewear,"Ray-Ban RB1971 914731 Square Sunglasses for Unisex , Lens 54 mm",997.0,415.49,52.0,90.0,FREE Shipping,Unisex
76,Eyewear,"Sunglasses For Unisex By Ray-Ban, Metal, Gold, Rb3025 001 62, Green Lens, Panto Frame",658.0,385.46,59.0,74.0,FREE Shipping,Unisex
77,Eyewear,"Polaroid Sunglass for Men , Black Lens , PLD 2069/F/S/X 807 61",280.0,140.98,56.0,100.0,Eligible for FREE Shipping,men
78,Eyewear,Ray-Ban Aviator Unisex Sunglasses - RB3025 001/33 58,977.0,415.49,57.0,90.0,FREE Shipping,Unisex
79,Eyewear,"Polaroid Men's PLD 2017/S Y2 KJ1 62 Sunglasses, Dark Ruthenium/Grey Pz",250.0,144.48,52.0,82.0,Eligible for FREE Shipping,men
80,Eyewear,"Polaroid Sunglassess for Men, Grey- PLD 1015/S D28/Y2,Rectangle Shape",250.0,113.99,57.0,90.0,Eligible for FREE Shipping,men
81,Eyewear,"Ray-Ban Aviator Unisex Sunglasses - Rb3025-W0879-58-14-135, Green Lens",945.0,302.98,96.0,80.0,FREE Shipping,Unisex
82,Eyewear,"Ray Ban Sunglasses For Unisex, Brown, 0Rb4340 710/5150, Square Frame",1130.0,445.99,,,FREE Shipping,Unisex
83,Eyewear,"Ray Ban Sunglasses, Unisex, Black, 4253, 50, 601, 71, Round Frame",850.0,534.99,55.0,84.0,FREE Shipping,Unisex
84,Eyewear,"Polaroid Sunglasses for Unisex, Grey- PLD 1017/S 22763900358WJ",250.0,125.99,55.0,100.0,Eligible for FREE Shipping,Unisex
85,Eyewear,Polaroid Unisex Round Sunglasses - PLD 2053/S 80751M9,250.0,134.99,36.0,94.0,Eligible for FREE Shipping,Unisex
86,Eyewear,"Polaroid Cat Eye Women's Sunglasses - Pld 4066/S 08657La, Brown Lens",250.0,123.98,33.0,80.0,Eligible for FREE Shipping,women
87,Eyewear,"Carrera Sunglasses for Unisex - Black Lens,  1005/S TI7",750.0,305.98,56.0,100.0,FREE Shipping,Unisex
88,Eyewear,"Carrera Sunglasses For Unisex - Black Lens, 1011/S, Grey Lens, Square Frame",750.0,716.98,66.0,94.0,FREE Shipping,Unisex
89,Eyewear,"Polaroid Sunglasses For Unisex, Black- Pld 2054/S-003 M9, Square Frame",250.0,168.99,96.0,78.0,Eligible for FREE Shipping,Unisex
90,Eyewear,Polaroid PLD 4062/S/X BLACK/GREY women Sunglasses,250.0,159.48,18.0,90.0,Eligible for FREE Shipping,women
91,Eyewear,"Polaroid Sunglasses For Unisex Pld 2061/S00350M9, Grey Lens, Panto Frame",250.0,179.49,52.0,56.0,Eligible for FREE Shipping,Unisex
92,Eyewear,"Polaroid  Aviator Sunglasses For Unisex  - Multi Color , PLD 6012/N",350.0,119.49,62.0,76.0,Eligible for FREE Shipping,Unisex
93,Eyewear,"Polaroid Sunglasses For Unisex, Grey Lens, Pld6063/G/S, Oval Frame",250.0,112.49,73.0,100.0,Eligible for FREE Shipping,Unisex
94,Eyewear,"Polaroid Aviator Sunglasses for Unisex, Silver",750.0,168.99,82.0,80.0,Eligible for FREE Shipping,Unisex
95,Eyewear,"Alexander McQueen - AM0037S, Geometric, acetate, men, HAVANA/GREY(003 D), 56/0/0",1496.0,792.98,,,FREE Shipping,men
96,Eyewear,"Arnette Men's Booger Non-Polarized Iridium Rectangular Sunglasses, Matte Black, 61 mm",449.0,316.98,,100.0,FREE Shipping,men
97,Eyewear,"Vogue Sunglasses for Women - Size 54, Blue Frame, 0VO2990S 23254854",714.0,296.98,,60.0,FREE Shipping,women
98,Eyewear,"Ray-Ban Sunglasses for Man , Lens Color Dark Green , 0RB3654 60 002/71",1060.0,459.48,,,FREE Shipping,
99,Eyewear,"G-Star Unisex Square Sunglasseses - GS651S-214 5417, 150 mm, Blue Gradient",1050.0,296.98,25.0,,FREE Shipping,Unisex
100,Eyewear,Marc Jacobs Cat Eye Sunglasses for Unisex - Purple Lens,850.0,311.99,,,FREE Shipping,Unisex
101,Eyewear,Arnette AN 4185 2361/6Q Slickster - Matte Stone Washed Copper/Red by Arnette for Men - 58-16-145 mm,390.0,180.48,50.0,40.0,Eligible for FREE Shipping,men
102,Eyewear,"Polaroid Sunglasses for Unisex , Blue",250.0,149.98,85.0,,Eligible for FREE Shipping,Unisex
103,Eyewear,"Miu Miu Rimless Women's Sunglasses - 56Ts-Xej1A1 - 63 mm, Black Lens",2000.0,976.98,50.0,100.0,FREE Shipping,women
104,Eyewear,"Ray-Ban Aviator Men's Sunglasses - Rb 3549-002/T3 - 61-16-145 mm, Grey Lens",1000.0,453.99,90.0,80.0,FREE Shipping,men
105,Eyewear,Ray-Ban Aviator Unisex Sunglasses - Rb3025-019/Z258,855.0,473.98,3.0,90.0,FREE Shipping,Unisex
106,Eyewear,"Salvatore Ferragamo Women's Sunglasses - Sf879S-213 53, 150 mm, Black Lens, Square Frame",1490.0,478.49,,,FREE Shipping,women
107,Eyewear,"Ray-Ban Men's Injected Man Sunglass Non-Polarized Iridium Round, SHINY RED HAVANA 51 mm",945.0,409.49,12.0,,FREE Shipping,men
108,Eyewear,"Gucci Oval Unisex Sunglasses - Gg0124Sa00152 - 52-21-150 mm, Grey Lens",1619.0,1015.49,26.0,60.0,FREE Shipping,Unisex
109,Eyewear,"Ray-Ban Erika Unisex Sunglasses - 4243 6225/19 49, Blue Lens",720.0,312.98,12.0,80.0,FREE Shipping,Unisex
110,Eyewear,"Ray-Ban Wayfarer Unisex Clubmaster Sunglasses - Rb3016-W0366-51-21-145, Green Lens",1084.0,435.98,68.0,90.0,FREE Shipping,Unisex
111,Eyewear,"Ray Ban Unisex Sunglasses - 3025, 58, 004/78, Grey Lens, Aviator Frame",1065.0,478.49,33.0,100.0,FREE Shipping,Unisex
112,Eyewear,"Ray-Ban Round Unisex Sunglasses - 4257 6092/55 53, Blue Lens",890.0,385.49,12.0,80.0,FREE Shipping,Unisex
113,Eyewear,"Ray-Ban Clubmaster Unisex Sunglasses - 3016 1145/17 49, Blue Lens",890.0,385.49,60.0,100.0,FREE Shipping,Unisex
114,Eyewear,CARRERA Men's Sunglasses Aviator Carrera 1005/S Whit Gold,800.0,716.98,26.0,88.0,FREE Shipping,men
115,Eyewear,Guess GU 7563,669.0,326.49,57.0,20.0,FREE Shipping,
116,Eyewear,"Fendi Sunglasses For Women, Alloy, Pink, Ff 0177/S 0J, Cat Eye Frame",1250.0,473.49,40.0,96.0,FREE Shipping,women
117,Eyewear,"Ray-Ban Clubmaster Women's Sunglasses - Rb4256-609255-49 - 49-20-145, Blue Lens",662.0,385.49,,84.0,FREE Shipping,women
118,Eyewear,"Gucci Oval Unisex Sunglasses - Gg0124S00450 - 50-22-145 mm, Brown Lens",1619.0,954.48,20.0,74.0,FREE Shipping,Unisex
119,Eyewear,"Polaroid Kids' PLD 8016/N K7 SED Sunglasses, Havana Green Grey Speckled Pz, 48",250.0,109.0,87.0,78.0,Eligible for FREE Shipping,
120,Eyewear,"Ray-Ban Erika Unisex Sunglasses - 4258 6230/7J 50, Pink Lens",840.0,360.99,,,FREE Shipping,Unisex
121,Eyewear,"Ray-Ban Men's Aviator Large Metal Aviator Sunglasses, Gold (Frames: gold Glass: Course light blue 001/3F), 58 mm",802.0,358.98,72.0,86.0,FREE Shipping,men
122,Eyewear,"Ray-Ban Men's Injected Man Sunglass Polarized Iridium Rectangular, BLACK 64 mm",1115.0,482.49,54.0,100.0,FREE Shipping,men
123,Eyewear,Occhiali da Sole 8687 METALLO,1200.0,679.49,33.0,80.0,FREE Shipping,
124,Eyewear,"Ray-Ban Wayfarer Unisex Sunglasses - Rb4210-646/3R50, Green Lens",1310.0,505.98,20.0,,FREE Shipping,Unisex
125,Eyewear,"Ray-Ban Sunglasses For Men, Size 51 mm, 4246, 51, 990, N.C, Green Lens, Round Frame",790.0,443.49,14.0,84.0,FREE Shipping,men
126,Eyewear,"Just Cavalli Cat Eye Women's Sunglasses - JC759S - 52-20-140mm, Grey",625.0,237.98,,80.0,FREE Shipping,women
127,Eyewear,"Ray-Ban Butterfly Unisex Sunglasses - 4250 6034/2Y 52, Beige Lens",1170.0,505.98,16.0,,FREE Shipping,Unisex
128,Eyewear,"Ray-Ban Unisex's Rb4075 Sunglasses, Tortoise, 61",1169.0,457.99,10.0,100.0,FREE Shipping,Unisex
129,Eyewear,"Ray-Ban Men's 0RB4346 Sunglasses, Negro, 51",1170.0,360.99,63.0,100.0,FREE Shipping,men
130,Eyewear,"Flamingo Rectangle Sunglasseses For Unisex,Plastic,Blue",279.0,78.49,55.0,,Eligible for FREE Shipping,Unisex
131,Eyewear,"Arnette Sunglasses, Square, For Women, Grey, 0An4243 25226G 60",400.0,201.48,14.0,,FREE Shipping,women
132,Eyewear,"Puma Sunglass For Men - Pu0016S_005, Blue Lens, Square Frame",365.0,151.48,37.0,70.0,Eligible for FREE Shipping,men
133,Eyewear,"Arnette Sunglasses, Square, For Women, Grey, 0An4243 252181 60",500.0,250.98,,,FREE Shipping,women
134,Eyewear,"Calvin Klein Square Sunglasseses for Unisex , Grey ,  CKJ818S",950.0,234.99,20.0,60.0,FREE Shipping,Unisex
135,Eyewear,"Ray-Ban Round Sunglasses For Unisex - Brown, 4296, 51, 6331, 83",1060.0,453.99,,,FREE Shipping,Unisex
136,Eyewear,"Oakley Round Sunglasses For Men, Silver, 0OO9265 92652153",1000.0,402.99,,,FREE Shipping,men
137,Eyewear,"Ray-Ban Aviator Unisex Sunglasses - 3540 198/9U 56, Blue Lens",950.0,409.49,,,FREE Shipping,Unisex
138,Eyewear,"Ray-Ban Half Frame Unisex Sunglasses - 4280 6289/B7 55, Blue Lens",994.0,505.98,14.0,100.0,FREE Shipping,Unisex
139,Eyewear,"Ray-Ban Butterfly Unisex Sunglasses - 4250 671/55 52, Blue Lens",1170.0,505.98,,,FREE Shipping,Unisex
140,Eyewear,"Bottega Veneta Sunglasses For Unisex, Bv0013S-001-59, Brown Lens, Round Frame",2094.0,1175.99,14.0,,FREE Shipping,Unisex
141,Eyewear,"Ray-Ban Aviator Men's Sunglasses - Rb 3560-004/51 - 61-17-145 mm, Brown Lens",840.0,382.99,53.0,74.0,FREE Shipping,men
142,Eyewear,"Ray Ban Sunglasses For Unisex, Rb3025 001/51 58-14, Brown Lens, Aviator Frame",770.0,397.97,89.0,86.0,FREE Shipping,Unisex
143,Eyewear,"Guess Cat Eye Women's Sunglasses - Gu7485-56F-51 - 51-25- 135 mm, Brown Lens",600.0,170.49,83.0,100.0,Eligible for FREE Shipping,women
144,Eyewear,"Guess By Marciano Cat Eye Women's Sunglasses - Gm0751 - 56-17-135 mm, Grey Lens",630.0,243.99,16.0,,FREE Shipping,women
145,Eyewear,Sunglasses Diane von Furstenberg DVF 143 S FIONA 237 DARK TORTOISE,594.0,211.98,,,FREE Shipping,
146,Eyewear,"Ray-Ban Clubmaster Women's Sunglasses - Rb4256-60926G-49 - 49-20-145, Grey Lens",562.0,385.49,14.0,100.0,FREE Shipping,women
147,Eyewear,"Ray-Ban Sunglasses For Unisex, Gold, 3538, Square Frame",880.0,409.49,33.0,100.0,FREE Shipping,Unisex
148,Eyewear,"Ray-Ban Sunglasses For Unisex, 0Rb3578 186/B150, Multi Color Lens, Round Frame",1110.0,409.49,,100.0,FREE Shipping,Unisex
149,Eyewear,Ray-Ban Rectangle Unisex Sunglasses - 3538 189/55 53,950.0,409.49,33.0,,FREE Shipping,Unisex
150,Eyewear,"Oakley Men's Crossrange Sunglasses, Matte Black W/Prizm Black Polarized, 57",1100.0,558.99,16.0,100.0,FREE Shipping,men
151,Eyewear,"Ray-Ban Square Unisex Sunglasses - 4258 6231/1N 50, Blue Lens",840.0,360.99,22.0,,FREE Shipping,Unisex
152,Eyewear,"Ray-Ban Clubmaster Women's Sunglasses - Rb2183-1127B9-53 - 53 -21 -145 mm, Pink Lens",970.0,433.48,,100.0,FREE Shipping,women
153,Eyewear,"Ray-Ban Round Unisex Sunglasses - Rb2447-116049, Brown Lens",1061.0,360.99,85.0,74.0,FREE Shipping,Unisex
0,Perfumes & Fragrances,"Calvin Klein Euphoria for Women - Eau de Parfum, 100ml",357.0,111.21,77.0,90.0,Eligible for FREE Shipping,women
1,Perfumes & Fragrances,"Lattafa Pure Musk for Unisex - Eau de Parfum, 100ml",55.0,32.39,64.0,86.0,Eligible for FREE Shipping,Unisex
2,Perfumes & Fragrances,"Davidoff Cool Water for Women - Eau de Toilette, 100ml",279.0,65.1,76.0,88.0,Eligible for FREE Shipping,women
3,Perfumes & Fragrances,"GUESS Marciano for Men - Eau de Toilette, 100ml",273.0,69.9,25.0,78.0,Eligible for FREE Shipping,men
4,Perfumes & Fragrances,"Guess by Marciano for Women - Eau de Parfum, 100ml",147.0,67.41,67.0,86.0,Eligible for FREE Shipping,women
5,Perfumes & Fragrances,"Guess Seductive Homme for Men - Eau de Toilette, 100ml",289.0,73.12,84.0,82.0,Eligible for FREE Shipping,men
6,Perfumes & Fragrances,"Roberto Cavalli For Women - Eau de Parfum, 75ml",525.0,105.22,75.0,88.0,Eligible for FREE Shipping,women
7,Perfumes & Fragrances,"United Colors Of Benetton Hot for Women - Eau de Toilette, 100ml",79.0,26.54,67.0,86.0,Eligible for FREE Shipping,women
8,Perfumes & Fragrances,"Guess Girl for Women - Eau de Toilette, 100ml",263.0,71.95,77.0,86.0,Eligible for FREE Shipping,women
9,Perfumes & Fragrances,"Calvin Klein Beauty for Women - Eau de Parfum, 100ml",357.0,84.98,97.0,86.0,Eligible for FREE Shipping,women
10,Perfumes & Fragrances,"Roberto Cavalli Nero Assoluto for Women - Eau de Parfum, 75ml",210.0,103.37,49.0,86.0,Eligible for FREE Shipping,women
11,Perfumes & Fragrances,"Body By Burberry For Women - Eau De Parfum, 85Ml",263.0,129.07,74.0,90.0,Eligible for FREE Shipping,women
12,Perfumes & Fragrances,"Davidoff Cool Water For Men - Eau de Toilette, 125ml",294.0,69.9,95.0,84.0,Eligible for FREE Shipping,men
13,Perfumes & Fragrances,"Davidoff Hot Water for Men - Eau de Toilette, 110ml",294.0,61.79,79.0,82.0,Eligible for FREE Shipping,men
14,Perfumes & Fragrances,"Oud Sharqia for Unisex - Eau de Parfum, 80ml",157.0,22.0,96.0,78.0,Eligible for FREE Shipping,Unisex
15,Perfumes & Fragrances,"Montblanc Emblem for Men - Eau de Toilette, 100ml",336.0,111.93,46.0,86.0,Eligible for FREE Shipping,men
16,Perfumes & Fragrances,"Calvin Klein Ck One Shock for Men - Eau de Toilette, 200ml",394.0,81.98,74.0,82.0,Eligible for FREE Shipping,men
17,Perfumes & Fragrances,"Calvin Klein Euphoria for Men - Eau de Toilette, 100ml",249.0,78.35,85.0,82.0,Eligible for FREE Shipping,men
18,Perfumes & Fragrances,Crystal Noir by Versace  for Women - Eau de Parfum- 90 ml,315.0,184.98,46.0,90.0,Eligible for FREE Shipping,women
19,Perfumes & Fragrances,"Calvin Klein Eternity Moment for Women - Eau de Parfum, 100ml",273.0,84.6,79.0,88.0,Eligible for FREE Shipping,women
20,Perfumes & Fragrances,"Chopard Happy Spirit Forever for Women - Eau de Parfum, 75ml",315.0,95.5,66.0,84.0,Eligible for FREE Shipping,women
21,Perfumes & Fragrances,"Guess Man - Eau de Toilette, 75ml",221.0,73.46,33.0,82.0,Eligible for FREE Shipping,
22,Perfumes & Fragrances,"Elizabeth Arden 5th Avenue for Women - Eau de Parfum, 125ml",385.0,89.74,90.0,88.0,Eligible for FREE Shipping,women
23,Perfumes & Fragrances,"Sheikh Al Shuyukh by Lattafa for Unisex - Eau de Parfum, 50ml",95.0,31.25,70.0,82.0,Eligible for FREE Shipping,Unisex
24,Perfumes & Fragrances,"Bentley Intense for Men - Eau de Parfum, 100ml",294.0,89.97,92.0,80.0,Eligible for FREE Shipping,men
25,Perfumes & Fragrances,"Mancera Roses Vanille for Unisex - Eau de Parfum, 120ml",415.0,197.98,99.0,92.0,Eligible for FREE Shipping,Unisex
26,Perfumes & Fragrances,"Dunhill Fresh by Dunhill for Men - Eau de Toilette, 100ml",263.0,85.97,91.0,82.0,Eligible for FREE Shipping,men
27,Perfumes & Fragrances,"Dunhill Custom for Men - Eau de Toilette, 100ml",263.0,88.98,87.0,80.0,Eligible for FREE Shipping,men
28,Perfumes & Fragrances,"Jaguar Classic Gold for Men - Eau de Toilette, 100ml",231.0,57.96,56.0,82.0,Eligible for FREE Shipping,men
29,Perfumes & Fragrances,"Versace Eros Pour Femme for Women - Eau de Parfum, 100ml",342.0,216.48,92.0,94.0,FREE Shipping,women
30,Perfumes & Fragrances,"Davidoff Champion for Men - Eau de Toilette, 90ml",370.0,70.98,54.0,88.0,Eligible for FREE Shipping,men
31,Perfumes & Fragrances,"Davidoff The Game for Men - Eau de Toilette, 100ml",252.0,81.62,95.0,86.0,Eligible for FREE Shipping,men
32,Perfumes & Fragrances,"Chopard Wish for Women - Eau de Parfum, 75ml",209.0,88.6,89.0,86.0,Eligible for FREE Shipping,women
33,Perfumes & Fragrances,"Trussardi Donna for Women - Eau de Parfum, 100ml",314.0,130.57,70.0,90.0,Eligible for FREE Shipping,women
34,Perfumes & Fragrances,"Calvin Klein Ck One Shock for Women - Eau de Toilette, 200ml",284.0,80.44,84.0,82.0,Eligible for FREE Shipping,women
35,Perfumes & Fragrances,"Eternity by Calvin Klein for Men - Eau de Toilette, 100ml",322.0,83.9,97.0,82.0,Eligible for FREE Shipping,men
36,Perfumes & Fragrances,"S.T.Dupont Blanc for Women - Eau de Parfum, 100ml",299.0,90.84,62.0,92.0,Eligible for FREE Shipping,women
37,Perfumes & Fragrances,"Brown Orchid for Men - Eau de Parfum, 80ml",59.0,30.94,59.0,82.0,Eligible for FREE Shipping,men
38,Perfumes & Fragrances,"Burberry London for Women - Eau de Parfum, 100ml",252.0,127.97,98.0,90.0,Eligible for FREE Shipping,women
39,Perfumes & Fragrances,"Fendi Furiosa for Women - Eau de Parfum, 50ml",439.0,96.09,87.0,88.0,Eligible for FREE Shipping,women
40,Perfumes & Fragrances,"Calvin Klein Euphoria Intense for Men - Eau de Toilette, 100ml",282.0,84.09,98.0,84.0,Eligible for FREE Shipping,men
41,Perfumes & Fragrances,"Scuderia Ferrari Black for Men - Eau de Toilette, 125ml",199.0,64.17,68.0,82.0,Eligible for FREE Shipping,men
42,Perfumes & Fragrances,"Dunhill Desire for Men - Eau de Toilette, 100ml",305.0,84.48,87.0,84.0,Eligible for FREE Shipping,men
43,Perfumes & Fragrances,"Elite Musk Forever for Unisex - Eau de Parfum, 100ml",157.0,49.35,80.0,82.0,Eligible for FREE Shipping,Unisex
44,Perfumes & Fragrances,"S.T.Dupont for Women - Eau de Parfum, 100ml",141.0,96.48,69.0,90.0,Eligible for FREE Shipping,women
45,Perfumes & Fragrances,"Bebe Glam for Women - Eau de Parfum, 100ml",170.0,74.49,75.0,88.0,Eligible for FREE Shipping,women
46,Perfumes & Fragrances,"S.T.Dupont Pour Homme for Men - Eau de Toilette, 100ml",221.0,69.72,77.0,86.0,Eligible for FREE Shipping,men
47,Perfumes & Fragrances,"Fantasy by Britney Spears for Women - Eau de Parfum, 100ml",125.0,85.74,48.0,90.0,Eligible for FREE Shipping,women
48,Perfumes & Fragrances,"Nikos Sculpture Homme for Men - Eau de Toilette, 100ml",250.0,49.95,95.0,84.0,Eligible for FREE Shipping,men
49,Perfumes & Fragrances,"MONTALE Roses Musk for Women - Eau de Parfum, 100ml",439.0,188.98,80.0,88.0,Eligible for FREE Shipping,women
50,Perfumes & Fragrances,"Sheikh Al Shuyukh Luxe Edition For Men, Eau De Parfum, 100 ml",,41.61,73.0,86.0,Eligible for FREE Shipping,men
51,Perfumes & Fragrances,"Dolce & Gabbana The One for Men - Eau de Toilette, 100ml",368.0,167.64,70.0,84.0,Eligible for FREE Shipping,men
52,Perfumes & Fragrances,"Dare By Guess For Women - Eau De Toilette, 100Ml",158.0,71.97,56.0,84.0,Eligible for FREE Shipping,women
53,Perfumes & Fragrances,"Gucci Premiere for Women - Eau de Toilette, 75ml",370.0,179.88,64.0,88.0,Eligible for FREE Shipping,women
54,Perfumes & Fragrances,"United Colors Of Benetton Hot Gold for Women - Eau de Toilette , 100ml",77.0,27.97,91.0,86.0,Eligible for FREE Shipping,women
55,Perfumes & Fragrances,"Joop! Homme for Men - Eau de Toilette, 125ml",126.0,81.82,49.0,88.0,Eligible for FREE Shipping,men
56,Perfumes & Fragrances,"Brit Rhythm by Burberry for Men - Eau de Toilette, 50ml",399.0,104.49,34.0,84.0,Eligible for FREE Shipping,men
57,Perfumes & Fragrances,"Roberto Cavalli Paradiso for Women - Eau de Parfum, 50ml",510.0,95.88,85.0,92.0,Eligible for FREE Shipping,women
58,Perfumes & Fragrances,"Tommy Girl By Tommy Hilfiger For Women - Eau De Toilette, 100 ml",385.0,88.89,88.0,88.0,Eligible for FREE Shipping,women
59,Perfumes & Fragrances,"Juicy Couture Viva La Juicy for Women - Eau de Parfum, 100ml",218.0,121.32,61.0,88.0,Eligible for FREE Shipping,women
60,Perfumes & Fragrances,"Jovan Musk for Women - Eau de Cologne, 59ml",42.0,21.4,93.0,88.0,Eligible for FREE Shipping,women
61,Perfumes & Fragrances,"Chanel Chance Eau Fraiche for Women - Eau de Toilette, 50ml",319.0,318.99,83.0,96.0,FREE Shipping,women
62,Perfumes & Fragrances,"Fatale by Agent Provocateur for Women - Eau de Parfum, 50ml",,69.59,22.0,60.0,Eligible for FREE Shipping,women
0,Sportswear,"Adidas Spain Home Football Jersey For Men - Red, L",419.0,175.98,35.0,,Eligible for FREE Shipping,men
1,Sportswear,Under Armour Training T-Shirt for Men,139.0,79.99,56.0,60.0,Eligible for FREE Shipping,men
2,Sportswear,"Under Armour Men's Ua Pursuit Pullover Hoodies, Yellow (Golden Yellow/Black), 2X-Large",389.0,281.48,,,FREE Shipping,men
3,Sportswear,"Under Armour T-Shirt for Men, Size L - Grey",139.0,85.98,,,Eligible for FREE Shipping,men
4,Sportswear,"Under Armour Rival Fleece Training Sports Pants for Men Black, L",229.0,176.48,66.0,94.0,Eligible for FREE Shipping,men
5,Sportswear,"Nike B Nsw Tee Futura Icon Td T-Shirts For Kids , Grey, XL",109.0,53.49,44.0,,Eligible for FREE Shipping,
6,Sportswear,adidas Logo Sport Tank Top for Women - Black,155.0,77.98,33.0,100.0,Eligible for FREE Shipping,women
7,Sportswear,"Adidas Must Haves Badge of Sport Tank Top for Men - Black & Grey, XL, DT9935",115.0,59.48,57.0,,Eligible for FREE Shipping,men
8,Sportswear,"Adidas Essentials Linear Sport Tank Top For Women - Black White, M",109.0,51.99,66.0,90.0,Eligible for FREE Shipping,women
9,Sportswear,Adidas Must Haves 3-Stripes Sport T-Shirt for Men - Black & White,140.0,69.98,88.0,100.0,Eligible for FREE Shipping,men
10,Sportswear,adidas Essentials Plain Sport T-shirt for Men - White,100.0,51.99,69.0,100.0,Eligible for FREE Shipping,men
11,Sportswear,adidas Essentials Linear Sport Tank Top for Women - White/Black,100.0,51.99,33.0,,Eligible for FREE Shipping,women
12,Sportswear,"Adidas Design 2 Move Solid Sport T-Shirt For Women - Black, Ds8722, M",155.0,77.98,76.0,,Eligible for FREE Shipping,women
13,Sportswear,adidas Design 2 Move 3 Stripes Sport Tank Top for Women - White/Black,130.0,64.98,45.0,,Eligible for FREE Shipping,women
14,Sportswear,"Adidas W E Lin Slim Tk Tank For Women - Black (Dp2359), S",100.0,51.99,64.0,100.0,Eligible for FREE Shipping,women
15,Sportswear,Adidas Must Haves Plain Sport T-Shirt for Men - Grey,115.0,59.48,35.0,,Eligible for FREE Shipping,men
16,Sportswear,Adidas  D2M HR 34 T Sport Tight for Women - Black,180.0,90.49,75.0,,Eligible for FREE Shipping,women
17,Sportswear,adidas SID 360 ADI TEE WHITE for MALE,139.0,69.98,25.0,,Eligible for FREE Shipping,
18,Sportswear,adidas FL_SPR Z FT 3ST BLACK for MALE,139.0,69.98,83.0,,Eligible for FREE Shipping,
19,Sportswear,"Champion Hemmed Edge Pants For Men, S, Black",159.0,77.98,53.0,80.0,Eligible for FREE Shipping,men
20,Sportswear,adidas   Color Block High Rise 3/4 Logo Print Sport Tights for Women - Black,189.0,130.48,10.0,,Eligible for FREE Shipping,women
21,Sportswear,adidas   Colorblock 3/4 Sport Leggings for Women - Black,169.0,113.99,11.0,,Eligible for FREE Shipping,women
22,Sportswear,Adidas Design 2 Move Climacool Logo Tee For Men - Black,,79.49,,,Eligible for FREE Shipping,men
23,Sportswear,Adidas Essentials Linear T-Shirt For Women - Black,,77.49,23.0,,Eligible for FREE Shipping,women
24,Sportswear,"Bodytalk Training T-shirt for Men, Size M, Cotton - White",69.0,38.48,75.0,,Eligible for FREE Shipping,men
25,Sportswear,"Puma Lifestyle Sport Pant For Men , Black , L",279.0,184.49,25.0,,Eligible for FREE Shipping,men
26,Sportswear,"Puma Lifestyle Sport Tights For Women , Black , L",269.0,177.99,,,Eligible for FREE Shipping,women
27,Sportswear,Under Armour Mid Crossback Training Sports Bra for Women,139.0,85.98,50.0,100.0,Eligible for FREE Shipping,women
28,Sportswear,"Under Armour T-Shirt for Men, Size M - Black",149.0,92.48,60.0,,Eligible for FREE Shipping,men
29,Sportswear,"Nike 23 Alpha Dry Graphic Basketball Shorts For Men - Multi Color, XL",249.0,122.99,75.0,,Eligible for FREE Shipping,men
30,Sportswear,"Nike 886191, Men's Tank Top, Men's, 886191, black, Medium",269.0,144.48,,,Eligible for FREE Shipping,men
31,Sportswear,"Under Armour Armour Sport Ss7 T-Shirt For Women Medium, Blue",139.0,85.98,25.0,,Eligible for FREE Shipping,women
32,Sportswear,"Under Armour Baseline Fleece Jogger7 Pant For Men , Size M , Brown",239.0,172.48,75.0,,Eligible for FREE Shipping,men
0,Wallets,"Tommy Hilfiger Bifold WAllet For Women,LeAther,Multi Color",469.0,172.48,5.0,,Eligible for FREE Shipping,women
1,Wallets,"Tommy Hilfiger Bifold Wallet For Women,Leather,Multi Color",469.0,172.48,3.0,,Eligible for FREE Shipping,women
2,Wallets,"Tommy Hilfiger Honey Lrg Za Wallet, Tommy Navy Metallic, 19 cm AW0AW07446",469.0,172.48,71.0,94.0,Eligible for FREE Shipping,
3,Wallets,"Vince Camuto Wallet for Women , White",425.0,167.0,,,Eligible for FREE Shipping,women
4,Wallets,guess Men's Wallet 31GUE13142-Black,195.0,84.0,15.0,96.0,Eligible for FREE Shipping,men
5,Wallets,guess Men's Wallet 31GUE13150-Black,160.0,78.49,14.0,100.0,Eligible for FREE Shipping,men
6,Wallets,guess Men's Wallet 31GUE13143-Black,160.0,77.49,32.0,94.0,Eligible for FREE Shipping,men
7,Wallets,Levis Bifold Mens Wallet - 31LV240012-Black,110.0,57.0,75.0,96.0,Eligible for FREE Shipping,men
8,Wallets,Kenneth Cole REACTION Men's RFID Security Blocking Slimfold Wallet,125.0,47.99,69.0,98.0,Eligible for FREE Shipping,men
9,Wallets,Steve Madden Men's Leather Wallets N80058-Black,125.0,50.0,26.0,,Eligible for FREE Shipping,men
10,Wallets,"Tommy Hilfiger Bifold WAllet For Men,LeAther,BlAck",430.0,343.49,76.0,100.0,FREE Shipping,men
11,Wallets,"Calvin Klein Bifold Wallet for Men , Black",160.0,95.0,4.0,,Eligible for FREE Shipping,men
12,Wallets,Montblanc bifold Wallet For Men Sartorial 118391-Black,850.0,538.0,66.0,,FREE Shipping,men
13,Wallets,Montblanc Meisterstuck 6 CC Leather Wallet -114462-Black,1100.0,686.0,20.0,,FREE Shipping,
14,Wallets,Montblanc Meisterstuck 7 CC piel Negro Vertical Wallet 14094,1050.0,700.0,,100.0,FREE Shipping,
15,Wallets,"Michael Kors Wristlet for Women, Yellow",620.0,324.0,25.0,80.0,FREE Shipping,women
16,Wallets,Michael Kors Card Case For Women - Brown,209.0,169.0,63.0,100.0,Eligible for FREE Shipping,women
17,Wallets,"Michael Kors Chain Wallet for Women , Multicolour",360.0,193.48,50.0,,Eligible for FREE Shipping,women
18,Wallets,"Tommy Hilfiger Bifold Wallet For Men,Leather,Black",419.0,133.98,89.0,88.0,Eligible for FREE Shipping,men
19,Wallets,"DOWNTOWN MINI CC WALLET Mens Purse, Multicolour (Testa Di Moro), 0.1x0.1x0.1 centimeters (B x H x T)",399.0,125.99,66.0,100.0,Eligible for FREE Shipping,men
20,Wallets,"Tommy Hilfiger Corp Plaque Mini Cc Money Clip Wallets, Card Cases & Money Organizers, Black, 0 AM0AM05062",399.0,125.49,51.0,100.0,Eligible for FREE Shipping,
21,Wallets,"Calvin Klein Elevated Slimfold 6cc, Mens Credit Card Case, Black, 8.6x1.8x10.199999999999999 cm (B x H T)",250.0,116.49,72.0,96.0,Eligible for FREE Shipping,men
22,Wallets,Levi's 31LV240021 RFID Tri-Fold Wallet BROWN,110.0,59.48,36.0,80.0,Eligible for FREE Shipping,
23,Wallets,Levis Trifold Wallet for Men - 31LV110021-Black,110.0,59.48,29.0,,Eligible for FREE Shipping,men
24,Wallets,Levi's Men's Trifold Wallet [31LV1179],120.0,52.0,33.0,84.0,Eligible for FREE Shipping,men
25,Wallets,guess Men's Wallet 31GUE11028-Black,140.0,73.0,75.0,90.0,Eligible for FREE Shipping,men
26,Wallets,TOMMY HILFIGER Honey 2 in 1 Washbag Golden Haze,210.0,96.99,32.0,,Eligible for FREE Shipping,
27,Wallets,guess Men's Wallet 31GUE11028-Brown,140.0,74.0,37.0,84.0,Eligible for FREE Shipping,men
28,Wallets,"Levi's Men Slimfold Wallet, Brown 31LV220010",110.0,57.0,68.0,100.0,Eligible for FREE Shipping,men
29,Wallets,guess Men's Wallet 31GUE13145-Brown,195.0,86.49,49.0,96.0,Eligible for FREE Shipping,men
30,Wallets,"The North Face Flap WALLET For UNISEX, Multi Color - NOT0CE69-JK3",123.0,62.49,45.0,96.0,Eligible for FREE Shipping,Unisex
31,Wallets,"Calvin Klein Omega Billfold Wallet, Black, 12 cm K50K504998",229.0,141.0,10.0,,Eligible for FREE Shipping,
32,Wallets,Dickies Trifold Wallet for Men - 31DI210004-Red,60.0,31.98,25.0,,Eligible for FREE Shipping,men
33,Wallets,Dockers Bifold Mens Wallet - 31DK240z01-Brown,120.0,63.48,16.0,40.0,Eligible for FREE Shipping,men
34,Wallets,"Dickies Trifold Wallet for Men,Brown,31DI210003-Brown",60.0,30.0,36.0,,Eligible for FREE Shipping,men
35,Wallets,Dickies Bifold Mens Wallet - 31DI1305-Brown,110.0,47.99,62.0,90.0,Eligible for FREE Shipping,men
36,Wallets,"Nautica 31NU22X026-200 Bowline Passcase Wallet for Men - Leather, Brown",100.0,52.98,93.0,90.0,Eligible for FREE Shipping,men
0,Watches,Michael Kors Lexington Women's Silver Dial Stainless Steel Band Watch - MK5735,1698.0,639.0,85.0,92.0,,women
1,Watches,Lacoste Women's Silver Dial Leather Band Watch - 2001007,929.0,426.49,77.0,100.0,FREE Shipping,women
2,Watches,JBW Mondrian Women's 16 Diamonds Rose Gold Dial Stainless Steel Band Watch - J6303C,2990.0,564.98,94.0,88.0,FREE Shipping,women
3,Watches,"Casio MTP1303L-1A For Men-Analog, Casual Watch, Leather",152.0,103.0,,88.0,,men
4,Watches,"Burberry BU9509 For Women (Analog, Casual Watch), Leather",2040.0,1088.48,68.0,90.0,FREE Shipping,women
5,Watches,"Casio Men's Silver Dial Leather Band Watch - MTP-1374L-7, Analog, Quartz",,166.99,70.0,96.0,Eligible for FREE Shipping,men
6,Watches,JBW 562 Men's 12 Diamonds Gold Dial Gold-Plated Stainless Steel Band Watch - JB-6225-M,2749.0,1230.0,,76.0,,men
7,Watches,"Fossil Townsman Watch For Men Analog Stainless Steel Band Me3103, Automatic",929.0,647.99,70.0,90.0,FREE Shipping,men
8,Watches,"Emporio Armani Watch For Men Stainless Steel Quartz Ar2499, Analog",1596.0,639.99,91.0,88.0,FREE Shipping,men
9,Watches,"Casio Women'S White Dial Resin Band Watch Lrw 200H 4B2V, Quartz, Analog",,154.99,,84.0,,women
10,Watches,"Casio Women'S Blue Dial Stainless Steel Band Watch Ltp 1183A 2A, Quartz, Analog",225.0,110.0,50.0,82.0,,women
11,Watches,"Emporio Armani Men'S White Dial Stainless Steel Band Watch Ar1839, Quartz, Analog",1145.0,670.98,42.0,86.0,FREE Shipping,men
12,Watches,"Casio  LTP-1275G-9A For Women Analog-Dress Watch, Stainless Steel, Quartz",162.0,122.99,98.0,88.0,,women
13,Watches,Scuderia Ferrari Forza Men's Black Dial Silicone Band Watch - 830576,795.0,538.48,,100.0,FREE Shipping,men
14,Watches,"Casio G-Shock Men's Ana-Digi Dial Resin Band Watch - GA-100-1A4, Rubber",,899.0,,88.0,,men
15,Watches,Hugo Boss Men White Leather Casual Watch - 1513280,1435.0,895.99,,98.0,FREE Shipping,men
16,Watches,Ferrari Redrev T Men's Black Dial Stainless Steel Watch - 830254,,272.99,67.0,,FREE Shipping,men
17,Watches,"Casio Men's Ana-Digi Dial Resin Band Watch - AQ-S810W-2AV, Quartz",208.0,165.46,68.0,92.0,Eligible for FREE Shipping,men
18,Watches,Tissot Everytime Women's Silver Dial Stainless Steel Band Watch - T057.910.22.037.00,1680.0,927.49,30.0,96.0,FREE Shipping,women
19,Watches,Hugo Boss Rafale Men's White Dial Leather Band Watch - 1513403,1195.0,614.48,64.0,100.0,FREE Shipping,men
20,Watches,"Scuderia Ferrari Casual Watch for Unisex , Silicone , 830482",395.0,219.0,50.0,94.0,FREE Shipping,Unisex
21,Watches,"Burberry Watch For Men,Stainless Steel Band, Quartz, BU9351, Analog",2865.0,1196.49,91.0,90.0,FREE Shipping,men
22,Watches,Hugo Boss Casual Round Watch for Men,1285.0,407.99,3.0,,FREE Shipping,men
23,Watches,"Casio Analog, Casual Watch For Men - MTP-1314D-7AVDF, Stainless Steel",184.0,85.69,88.0,92.0,Eligible for FREE Shipping,men
24,Watches,"Casio Men's Black Dial Stainless Steel Band Watch - MTP-1314SG-1AV, Analog, Quartz",300.0,140.93,85.0,86.0,Eligible for FREE Shipping,men
25,Watches,"Casio MTP-V004D-1B For Men Analog, Dress Watch , Stainless Steel",114.0,61.49,86.0,86.0,Eligible for FREE Shipping,men
26,Watches,"Akribos XXIV Men's Silver Dial Stainless Steel Band Watch - AK813SS, Analog, Swiss Quartz",2610.0,209.49,81.0,100.0,FREE Shipping,men
27,Watches,"Burberry BU9015
 Womens Analog Leather Watch",2040.0,798.48,91.0,98.0,FREE Shipping,women
28,Watches,"Akribos XXIV Men's Black Dial Metal Band Watch - AK814TTB, Analog, Japanese Quartz",1860.0,228.99,57.0,62.0,FREE Shipping,men
29,Watches,JBW Skye 0.05 ctw Diamond Women's White MOP Dial Genuine Leather Band Watch - J6378C,1879.0,523.98,21.0,,FREE Shipping,women
30,Watches,"Emporio Armani Men'S Black Dial Stainless Steel Band Watch Ar1977, Quartz, Analog",1148.0,598.44,50.0,80.0,FREE Shipping,men
31,Watches,"Fossil Grant Watch For Men Analog Leather Band Fs4813, Quartz",472.0,398.91,91.0,86.0,FREE Shipping,men
32,Watches,Tissot Casual Watch For Women Analog Stainless Steel - T023.309.11.031.00,1580.0,855.49,17.0,90.0,FREE Shipping,women
33,Watches,Michael Kors Lexington Watch for Men - Analog Stainless Steel Band - MK8344,2420.0,648.97,25.0,88.0,FREE Shipping,men
34,Watches,Tissot Womens Round Black Dial Silicone Bracelet Watch [T048.217.27.057.00],2370.0,1307.99,14.0,80.0,FREE Shipping,women
35,Watches,"Diesel Master Chief Men'S Gray Dial Leather Band Chronograph Watch Dz4290, Japanese Quartz, Analog",,1039.49,,90.0,FREE Shipping,men
36,Watches,Hugo Boss Dress Watch For Men Analog Leather - 1513279,1435.0,895.99,44.0,100.0,FREE Shipping,men
37,Watches,"Burberry Watch for Women , Quartz , Leather , BU9132, Analog",1625.0,696.49,86.0,100.0,FREE Shipping,women
38,Watches,"Fossil Grant Watch For Men Analog Leather Band Fs5151, Quartz",756.0,400.33,47.0,90.0,FREE Shipping,men
39,Watches,hugo boss Governor Men's Black Dial Stainless Steel Band Watch - 1513488,915.0,566.99,55.0,,FREE Shipping,men
40,Watches,Lacoste Women's Blue Dial Leather Band Watch - 2001006,605.0,321.49,42.0,90.0,FREE Shipping,women
41,Watches,Fossil Coachman Men's Silver Dial Leather Band Chronograph Watch - CH2565,839.0,408.73,93.0,90.0,FREE Shipping,men
42,Watches,"Emporio Armani Men Ar1808 Classic Silver Tone Stainless Steel Watch, Analog",1095.0,564.0,86.0,94.0,FREE Shipping,men
43,Watches,hugo boss Jet Men's White Dial Leather Band Watch - 1513282,1140.0,692.49,80.0,88.0,FREE Shipping,men
44,Watches,Michael Kors Darci Watch for Women - Analog Stainless Steel Band - MK3191,859.0,665.84,67.0,92.0,FREE Shipping,women
45,Watches,"August Steiner Men's Gold-Tone And Blue Dial Leather Band Watch - AS8183SSB, Analog, Japanese Quartz Movement",1600.0,215.48,72.0,68.0,FREE Shipping,men
46,Watches,Ferrari Pilota Men's Black Dial Stainless Steel Watch - 830389,,384.49,50.0,,FREE Shipping,men
47,Watches,Lacoste Men's Blue Dial Stainless Steel Band Watch - 2010953L,965.0,461.49,61.0,100.0,FREE Shipping,men
48,Watches,August Steiner Women's Silver Dial Stainless Steel Band Watch - AS8228SS,703.0,228.99,75.0,80.0,FREE Shipping,women
49,Watches,Casio Unisex Illuminated Digital Dial Gold Tone Stainless Steel Band Watch [A168WG-9WDF],168.0,111.79,96.0,88.0,Eligible for FREE Shipping,Unisex
50,Watches,"Diesel Mini Daddy For Men Black Dial Leather Band Watch Dz7307, Japanese Quartz, Analog",1100.0,448.99,67.0,96.0,FREE Shipping,men
51,Watches,"Hugo Boss Dress Watch for Men , Leather , 1513628",1365.0,828.99,,100.0,FREE Shipping,men
52,Watches,Hugo Boss Casual Round Watch for Men,1285.0,412.48,9.0,,FREE Shipping,men
53,Watches,"Burberry BU9006 For Men Analog, Casual Watch",2034.0,944.98,13.0,60.0,FREE Shipping,men
54,Watches,"Akribos XXIV Men's Black Dial Leather Band Watch - AK911BK, Analog, Quartz Movement",1600.0,191.98,76.0,66.0,Eligible for FREE Shipping,men
55,Watches,JBW Alessandra for Women - Analog Stainless Steel Band Watch - JB-6217-C,5481.0,679.49,41.0,94.0,FREE Shipping,women
56,Watches,"Casio Analog, Casual Watch For Men - MTP-1314D-1A, Stainless Steel",,200.0,,88.0,,men
57,Watches,Scuderia Ferrari Aspire Men's Black Dial Stainless Steel Band Watch - 830535,1115.0,753.48,,94.0,FREE Shipping,men
58,Watches,"Akribos XXIV Swiss Quartz Chronograph Strap Men's Black Leather Band Watch - AK969BK, Analog",1970.0,249.0,95.0,80.0,FREE Shipping,men
59,Watches,JBW Women's Mondrian Jewelry Set 0.16 ctw Diamond 18K Rose Gold-Plated Stainless Steel Watch - J6303-SetC,3124.0,934.0,,92.0,,women
60,Watches,JBW Jet Setter Men's 234 Diamonds Gold Dial Stainless Steel Band Watch - JB-6213-E,26220.0,3220.0,,76.0,,men
61,Watches,"Casio Enticer for Men - Casual Leather Band Watch - MTP1314L-7A, Analog",196.0,106.0,,84.0,,men
62,Watches,"JBW Watch For Men 16 Pieces Diamonds , Leather,Chronograph- J6325C",3731.0,679.98,90.0,84.0,FREE Shipping,men
63,Watches,"Emporio Armani Watch for Men , Analog , AR11053",1118.0,566.99,43.0,88.0,FREE Shipping,men
64,Watches,Ferrari Casual Watch For Men Analog Leather - 830388,1045.0,1044.99,,,FREE Shipping,men
65,Watches,"Casio F-200W-2ADF For Men- Digital, Casual Watch, Resin, Quartz",84.0,67.0,,86.0,,men
66,Watches,JBW Jet Setter Men's 234 Diamonds Gold Dial Gold Plated Stainless Steel Band Watch - JB-6213-A,29970.0,2115.49,98.0,72.0,FREE Shipping,men
67,Watches,"Casio Unisex Ana Digi Dial Stainless Steel Band Watch Aq230A 1Dmq, Quartz, Analog Digital",154.0,76.99,89.0,80.0,Eligible for FREE Shipping,Unisex
68,Watches,Fossil Coachman Men's Black Dial Leather Band Chronograph Watch - CH2891,1265.0,705.0,,86.0,,men
69,Watches,"JBW Watch for Unisex Studded with 12 diamonds , Stainless Steel Band  - J6340B",2730.0,452.49,72.0,86.0,FREE Shipping,Unisex
70,Watches,Fossil Grant Sport Men's Blue Dial Leather Band Watch - ME3140,2202.0,712.98,23.0,94.0,FREE Shipping,men
71,Watches,Casio Casual Watch For Men Analog-Digital Resin - AEQ-110W-1BV,,154.9,75.0,88.0,,men
72,Watches,"Diesel Mr. Daddy For Men Analog Gunmetal Ion Plated Stainless Steel Band Watch Dz7315, Quartz",1545.0,1180.0,75.0,88.0,,men
73,Watches,JBW Mondrain for Women - Dress Stainless Steel Band Watch - J6303G,2990.0,746.0,,92.0,,women
74,Watches,"Casio His & Hers Black Dial Stainless Steel Band Couple Watch - MTP/LTP-V004D-1B For Unisex, Analog, Japanese Quartz",270.0,160.58,72.0,86.0,Eligible for FREE Shipping,Unisex
75,Watches,"Diesel Mega Chief Dz4329, Analog",990.0,669.48,93.0,82.0,FREE Shipping,
76,Watches,"Emporio Armani Men'S Black Dial Leather Band Watch Ar2482, Quartz, Analog",1095.0,653.49,47.0,86.0,FREE Shipping,men
77,Watches,Lacoste Legacy Men's Black Dial Leather Band Watch - 2010982,855.0,401.98,29.0,,FREE Shipping,men
78,Watches,JBW Victory Women's 16 Diamonds Mother of Pearl Dial Gold Plated Stainless Steel Band Watch - JB-6210-A,5870.0,753.98,79.0,82.0,FREE Shipping,women
79,Watches,Casio AE-1000W-1A Digital Quartz Resin Sport Watch for Men - Black,,190.0,,88.0,,men
80,Watches,"Akribos XXIV Women's Gold Dial Mixed Material Band Watch Set - AK738YG, Analog, Swiss Quartz and Japanese Quartz",2990.0,442.48,90.0,80.0,FREE Shipping,women
81,Watches,"JBW Laurel Watch for Women , Stainless Steel , 9 Diamonds , J6330F",4316.0,706.99,90.0,90.0,FREE Shipping,women
82,Watches,JBW Women's Mondrian Jewelry Set 0.16 ctw Diamond 18k Gold-plated Stainless Steel Watch - J6303-SetB,,700.0,,100.0,,women
83,Watches,Timberland Templeton Men's White Dial Leather Band Watch - TBL14811JSU-07,938.0,342.98,61.0,88.0,FREE Shipping,men
84,Watches,"Burberry Watch for Women , Quartz , Leather , BU9111",1766.0,798.48,83.0,96.0,FREE Shipping,women
85,Watches,Lacoste Casual Watch For Men Analog Leather - 2010910,575.0,349.99,22.0,100.0,FREE Shipping,men
86,Watches,"Emporio Armani Casual Watch for Men - Stainless Steel, Analog - AR1933",1360.0,852.99,20.0,90.0,FREE Shipping,men
87,Watches,Michael Kors Parker Women's Pink Dial Stainless Steel Band Chronograph Watch - MK6140,909.0,675.49,28.0,84.0,FREE Shipping,women
88,Watches,"Casio Men's Black Dial Leather Band Watch - MTP-1370L-1AV, Analog, Quartz",210.0,135.0,88.0,78.0,,men
89,Watches,"Casio Classic Unisex Gold Dial Resin Band Watch - MQ-24-9E, Analog, Quartz",45.0,43.0,,88.0,,Unisex
90,Watches,"Fossil Townsman Men'S Black Dial Stainless Steel Band Watch Me3107, Automatic, Analog",991.0,692.99,90.0,100.0,FREE Shipping,men
91,Watches,"Fossil Jacqueline Women'S Rose Gold Dial Stainless Steel Band Watch Es3546, Quartz, Analog",1452.0,384.0,96.0,84.0,FREE Shipping,women
92,Watches,"Emporio Armani Classic Men'S Blue Dial Stainless Steel Band Watch Ar2477, Japanese Quartz, Analog",1149.0,689.99,80.0,82.0,FREE Shipping,men
93,Watches,"Casio Watch For Men Stainless Steel Mtp 1374D 2Avdf, Analog",374.0,225.0,,88.0,,men
94,Watches,Michael Kors Skylar Champagne Dial Gold-tone Ladies Watch - MK5867,1013.0,692.49,30.0,100.0,FREE Shipping,
95,Watches,"Casio Women'S Gold Dial Stainless Steel Band Watch Ltp 1165N 9C, Quartz, Analog",193.0,127.99,80.0,90.0,,women
96,Watches,"Casio Enticer Men's Blue Dial Stainless Steel Band Watch - MTP-1335D-2AV, Analog, Quartz",,250.0,,86.0,,men
97,Watches,"Diesel Mr. Daddy 2.0 Men'S Black Dial Stainless Steel Band Watch Dz7312, Japanese Quartz, Analog",1502.0,980.0,50.0,82.0,,men
98,Watches,"Casio Women'S Blue Dial Stainless Steel Band Watch Ltp 1215A 2A2Df, Quartz, Analog",172.0,98.99,92.0,88.0,,women
99,Watches,Tissot T055.217.16.033.01 For Men Analog Casual Watch Leather,1840.0,1015.49,25.0,76.0,FREE Shipping,men
100,Watches,"Casio Tough Solar Sports Men'S Black Dial Resin Band Watch Aq S810W 1Bv, Quartz, Analog",346.0,210.0,,90.0,,men
101,Watches,"Scuderia Ferrari Watch for Men , Quartz , Stainless Steel - 830635",,356.49,62.0,100.0,FREE Shipping,men
102,Watches,"Emporio Armani Sportivo Men'S Black Dial Stainless Steel Band Watch Ar2457, Analog Quartz, Analog",947.0,676.99,25.0,90.0,FREE Shipping,men
103,Watches,"Burgi Women's Mother of Pearl Dial Leather Band Watch - BUR087BU, Analog, Swiss Quartz",2240.0,399.48,70.0,,FREE Shipping,women
104,Watches,JBW Men's 10 YR Anniversary GMT Globetrotter 0.21 ctw Diamond Watch - J6365-10A,2243.0,784.0,,100.0,,men
105,Watches,"Citizen Watch for Men Stainless Steel Band , Analog, AN3600-59L",1292.0,562.49,82.0,92.0,FREE Shipping,men
106,Watches,Casio His & Her Gold Dial Stainless Steel Band Couple Watch - MTP/LTP-V001G-9BUDF,,196.0,,86.0,,
107,Watches,Hugo Boss Essential Men's Silver White Dial Stainless Steel Band Watch - 1513650,1125.0,700.98,50.0,,FREE Shipping,men
108,Watches,"Watch for Women by Tory Burch, Buddy Signature, Pink, Leather, trb2004",1113.0,529.48,30.0,66.0,FREE Shipping,women
109,Watches,Akribos XXIV Women's Cream Dial Mixed Material Band Watch Set - AK766YG,909.0,282.99,18.0,94.0,FREE Shipping,women
110,Watches,Michael Kors Slim Runway Watch for Women - Analog Stainless Steel Band - MK3380,710.0,559.48,42.0,96.0,FREE Shipping,women
111,Watches,"Casio Men's Ana-Digi Dial Stainless Steel Band Watch - AW-82D-1AVDF, Quartz",336.0,149.0,98.0,80.0,,men
112,Watches,"Burberry BU9350 For Men (Analog, Casual Watch), Stainless Steel",2865.0,1030.67,86.0,92.0,FREE Shipping,men
113,Watches,"Fossil Pilot 54 Men'S Black Dial Leather Band Chronograph Watch Fs5157, Quartz, Analog",670.0,387.99,93.0,82.0,FREE Shipping,men
114,Watches,"JBW The G4 Calfskin Leather Band Men's Watch, 16 Diamonds, Swiss Multi-Function Movement (J6248LM)",4481.0,946.98,11.0,78.0,FREE Shipping,men
115,Watches,"JBW Wrist Watch for Women Diamond Inlay 16 Piece , Leather ,J6345B",1800.0,559.0,,90.0,,women
116,Watches,Michael Kors Darci Watch for Women - Analog Stainless Steel Band - MK3406,1127.0,675.49,60.0,92.0,FREE Shipping,women
117,Watches,"Casio Dual Time Anadigi AW-80D-1AV for Men (Digital, Casual Watch), Stainless Steel, Quartz",250.0,117.49,94.0,82.0,,men
118,Watches,"Akribos XXIV Men's Black Dial Leather Band Watch - AK769YG, Analog, Quartz",1600.0,205.49,60.0,94.0,FREE Shipping,men
119,Watches,"Diesel Mr. Daddy Men'S Black Dial Leather Band Watch Dz7313, Japanese Quartz, Analog",1345.0,950.0,45.0,82.0,,men
120,Watches,"Casio for Men - Analog Stainless Steel Band Watch - MTP-1183A-2A, Quartz",138.0,87.97,59.0,84.0,Eligible for FREE Shipping,men
121,Watches,"Casio Multi Lingual Data Bank Men'S Digital Dial Stainless Steel Band Watch Dbc 32D 1A, Quartz",210.0,126.0,92.0,84.0,Eligible for FREE Shipping,men
122,Watches,"Swarovski Crystalline Watch for Women Rose Gold Plated Analog, 5269250",1997.0,845.0,,92.0,,women
123,Watches,Michael Kors Runway Women's Gold Dial Stainless Steel Band Watch - MK3222,762.0,472.49,57.0,100.0,FREE Shipping,women
124,Watches,Michael Kors Slim Runway Watch for Women - Analog Leather Band - MK2389,1061.0,614.48,66.0,100.0,FREE Shipping,women
125,Watches,Casio Standard Analog Watch MTP-1374D-2AV,288.75,188.0,,82.0,,
126,Watches,Michael Kors Darci Women's Champagne Dial Leather Band Watch - MK2391,968.0,577.49,81.0,100.0,FREE Shipping,women
127,Watches,Casio G-Shock Men's Watch GA100B-7ADR,672.0,410.49,33.0,90.0,FREE Shipping,men
128,Watches,Michael Kors Lexington Women's White Dial Stainless Steel Band Watch - MK3230,762.0,568.48,20.0,94.0,FREE Shipping,women
129,Watches,JBW Caden 0.08 ctw Diamond Men's Black Dial Genuine Leather Band Watch - J6374B,1499.0,418.98,42.0,50.0,FREE Shipping,men
130,Watches,JBW Men's G3 World Traveler Set 0.16 ctw Diamond Mesh Bracelet Watch - J6355-SetA,4623.0,987.99,28.0,86.0,FREE Shipping,men
131,Watches,Casio Men's Black Dial Silicone Band Watch - GA-1000-1ADR,1034.0,960.49,60.0,,FREE Shipping,men
132,Watches,"Fossil Nate Men'S Black Dial Stainless Steel Band Watch Jr1527, Quartz, Analog",775.0,556.49,51.0,86.0,FREE Shipping,men
133,Watches,"JBW Wrist Watch for Women Diamond Inlay 12 Piece , Stainless Steel ,J6346C",3749.0,832.48,92.0,94.0,FREE Shipping,women
134,Watches,JBW Vanquish Men's Silver Pave Dial Stainless Steel Band Chronograph Watch - J6337C,5231.0,1234.0,,40.0,,men
135,Watches,"Hugo Boss Dress Watch for Men , Stainless Steel , 1513597",1345.0,950.48,16.0,70.0,FREE Shipping,men
136,Watches,"Casio Women'S Digital Dial Stainless Steel Band Watch La670Wa 1Df, Quartz",78.0,69.0,2.0,88.0,,women
137,Watches,August Steiner Men's Black Dial Metal Band Watch - AS8097SSB,693.0,216.98,96.0,68.0,FREE Shipping,men
138,Watches,Seiko Men's Black Dial Stainless Steel Band Watch - SNK375J1,691.0,670.0,,96.0,,men
139,Watches,"Lacoste Watch for Women , Quartz , Stainless Steel - 2001095",,258.98,53.0,,FREE Shipping,women
140,Watches,JBW Victor Men's 16 Diamonds Black Dial Black Ion-Plated Stainless Steel Band Watch - JB-8102-G,4490.0,753.98,75.0,76.0,FREE Shipping,men
141,Watches,Casio Men Black Dial Resin Band Watch aeq-110bw-9a,313.95,157.0,,90.0,,men
142,Watches,"JBW Watch For men With 16 Diamonds, JB-8102-B",5061.0,753.98,94.0,82.0,FREE Shipping,men
143,Watches,"Olivia Burton Marble Florals Dial Watch for Women, Analog, PU Leather Band - OB16CS19",805.0,276.49,40.0,,FREE Shipping,women
144,Watches,JBW Dress Watch For Men Analog Genuine Leather - JB-6101L-10C,4031.0,735.99,25.0,100.0,FREE Shipping,men
145,Watches,Lacoste Casual Watch For Women Analog Silicone - 2001024,895.0,388.0,40.0,,FREE Shipping,women
146,Watches,"Emporio Armani Men'S Silver Dial Stainless Steel Band Luigi Watch Ar11132, Quartz, Analog",1327.0,758.98,60.0,92.0,FREE Shipping,men
147,Watches,"Burberry Men's Gold Dial Leather Band Watch - BU9011, Analog, Swiss Quartz",1625.0,696.49,58.0,94.0,FREE Shipping,men
148,Watches,JBW Victor Men's 16 Diamonds Gold Dial Gold-Plated Stainless Steel Band Watch - JB-8102-A,3374.0,711.48,53.0,74.0,FREE Shipping,men
149,Watches,Akribos XXIV Men's Classic Bubble Crystal 3 Interchangeable Leather Watch Set - AK1104RGBU-S,,260.48,93.0,94.0,FREE Shipping,men
150,Watches,"Akribos XXIV Men's Brown Dial Leather Band Watch - AK916RG, Analog, Japanese Quartz Movement",1490.0,228.99,90.0,84.0,FREE Shipping,men
151,Watches,"Akribos XXIV Men's Black Dial Stainless Steel Band Watch - AK901YGB, Analog, Japanese Quartz Movement",2240.0,139.48,80.0,76.0,Eligible for FREE Shipping,men
152,Watches,"August Steiner Men's Black Dial Stainless Steel Band Watch - AS8050RG, Analog, Swiss Quartz",1490.0,233.49,88.0,94.0,FREE Shipping,men
153,Watches,"August Steiner Men's Gun/White Dial Metal Band Watch - AS8102BK, Analog, Japanese Quartz",1670.0,199.49,77.0,70.0,Eligible for FREE Shipping,men
154,Watches,"Burberry Women's Silver Dial Stainless Steel Band Watch - BU9144, Analog, Quartz",2455.0,1005.98,90.0,100.0,FREE Shipping,women
155,Watches,"Burberry BU9019
 Mens Analog Leather Watch",1625.0,689.98,73.0,90.0,FREE Shipping,men
156,Watches,Burberry Women's Gold Dial Stainless Steel Band Watch - BU9235,2960.0,1031.49,50.0,100.0,FREE Shipping,women
157,Watches,Casio MTP-1314D-2A Analog Quartz Stainless Steel Casual Watch for Men - Silver,400.0,104.98,73.0,90.0,Eligible for FREE Shipping,men
158,Watches,"Watch for Men by Casio , Analog , Chronograph , Stainless Steel , Silver , MTP-1374D-2AV",269.0,186.48,80.0,90.0,Eligible for FREE Shipping,men
159,Watches,"Casio GA-100B-4A For Men- Analog-Digital, Casual Watch, Resin, Quartz",885.0,399.81,77.0,90.0,FREE Shipping,men
160,Watches,Casio Women's Analog Dial Stainless Steel  Band Watch - LTP-1308SG-7AVDF,263.0,154.98,79.0,88.0,Eligible for FREE Shipping,women
161,Watches,"Casio EF-558D-7A For Men-Analog, Sport Watch, Stainless Steel",931.0,411.13,54.0,86.0,FREE Shipping,men
162,Watches,"Emporio Armani Men'S Blue Dial Leather Band Watch Ar2479, Quartz, Analog",1038.0,646.99,33.0,40.0,FREE Shipping,men
163,Watches,"Emporio Armani Men'S Silver Dial Stainless Steel Band Watch Ar6073, Analog",1150.0,839.99,95.0,92.0,FREE Shipping,men
164,Watches,"Emporio Armani Watch For Men Leather Quartz Ar1945, Analog",980.0,529.48,41.0,78.0,FREE Shipping,men
165,Watches,"Esprit Casual Watch for Women , Digital , Stainless Steel Band , ES1L036M0085",437.0,226.49,90.0,88.0,FREE Shipping,women
166,Watches,"Esprit Casual Watch for Women , Analog , Stainless Steel Band , ES1L038M0105",568.0,288.99,87.0,100.0,FREE Shipping,women
167,Watches,Scuderia Ferrari Forza Men's Black Dial Silicone Band Watch - 830574,585.0,377.99,47.0,86.0,FREE Shipping,men
168,Watches,Scuderia Ferrari Men's Grey  Dial Color Rubber Band Watch - 830342,1045.0,543.98,31.0,,FREE Shipping,men
169,Watches,Hugo Boss Men's Black Dial Silicone Band Watch - 1513116,685.0,435.98,98.0,96.0,FREE Shipping,men
170,Watches,Invicta Pro Diver Men's Black Dial Stainless Steel Band Automatic Watch - INVICTA-8926,680.4,429.48,17.0,84.0,FREE Shipping,men
171,Watches,Invicta Pro Diver Men's Black Dial Stainless Steel Band Automatic Watch - INVICTA-8929OB,1181.0,413.98,22.0,90.0,FREE Shipping,men
172,Watches,JBW Victory Women's 16 Diamonds Mother of Pearl Dial Stainless Steel Band Watch - JB-6210-N,5587.0,774.48,95.0,88.0,FREE Shipping,women
173,Watches,JBW Caden 0.08 ctw Diamond Men's Green Dial Genuine Leather Band Watch - J6374A,1499.0,418.98,70.0,96.0,FREE Shipping,men
174,Watches,"JBW Laurel Watch for Women , Stainless Steel , 9 Diamonds , J6330I",4110.0,706.99,53.0,92.0,FREE Shipping,women
175,Watches,JBW Delmare Men's 4 Genuine Diamonds Silicone Watch - J6359D,2624.0,575.99,72.0,92.0,FREE Shipping,men
176,Watches,Michael Kors Lexington Women's White Dial Stainless Steel Band Watch - MK3229,762.0,564.98,28.0,76.0,FREE Shipping,women
177,Watches,Puma Casual Watch For Men Analog Stainless Steel - PU103951004,679.0,262.98,67.0,94.0,FREE Shipping,men
178,Watches,"T5 Watch For Men [Rubber,Chronograph]-H3397G-B",440.0,115.49,40.0,86.0,Eligible for FREE Shipping,men
179,Watches,Tissot Dress Watch For Women Analog Stainless Steel - T072.210.11.038.00,1740.0,960.49,20.0,,FREE Shipping,women
